$id,$permissions,$createdAt,$updatedAt,userId,isActive,createdAt,updatedAt,balance,escrow,totalEarned,totalSpent,requiresFunding
68e78277003d63d2ab73,"[""read(\""user:68e77c6a001db71648a3\"")"",""update(\""user:68e77c6a001db71648a3\"")"",""delete(\""user:68e77c6a001db71648a3\"")""]",2025-10-09T09:38:00.088+00:00,2026-01-31T21:12:55.088+00:00,68e77c6a001db71648a3,true,2025-10-09T09:37:59.982+00:00,2026-01-31T21:12:55.010+00:00,72,10,0,1410,null
68e783f200329fb83d56,"[""read(\""user:687d0dc30039253fdad3\"")"",""update(\""user:687d0dc30039253fdad3\"")"",""delete(\""user:687d0dc30039253fdad3\"")""]",2025-10-09T09:44:18.919+00:00,2025-10-09T09:44:18.919+00:00,687d0dc30039253fdad3,true,2025-10-09T09:44:18.809+00:00,2025-10-09T09:44:18.809+00:00,0,0,0,0,null
68e7e43e0014a4931b9f,"[""read(\""user:68e784b0001333631a10\"")"",""update(\""user:68e784b0001333631a10\"")"",""delete(\""user:68e784b0001333631a10\"")""]",2025-10-09T16:35:10.415+00:00,2025-11-16T00:30:47.844+00:00,68e784b0001333631a10,true,2025-10-09T16:35:10.330+00:00,2025-11-16T00:30:47.712+00:00,96,0,96,0,null
68ebb6260032e932b968,"[""read(\""user:68ebb60a002139d49bc4\"")"",""update(\""user:68ebb60a002139d49bc4\"")"",""delete(\""user:68ebb60a002139d49bc4\"")""]",2025-10-12T14:07:34.886+00:00,2026-01-31T21:19:44.162+00:00,68ebb60a002139d49bc4,true,2025-10-12T14:07:34.814+00:00,2026-01-31T21:19:44.085+00:00,553,0,0,1281,null
68fb40b20024104f549c,"[""read(\""user:68fb407c0034b51fdc0d\"")"",""update(\""user:68fb407c0034b51fdc0d\"")"",""delete(\""user:68fb407c0034b51fdc0d\"")""]",2025-10-24T09:02:44.382+00:00,2025-11-11T18:18:05.084+00:00,68fb407c0034b51fdc0d,true,2025-10-24T09:02:42.577+00:00,2025-11-11T18:18:03.393+00:00,475,0,0,525,null
68fb87c60027beddb96f,"[""read(\""user:68fb87670013e1071b7c\"")"",""update(\""user:68fb87670013e1071b7c\"")"",""delete(\""user:68fb87670013e1071b7c\"")""]",2025-10-24T14:05:59.506+00:00,2025-10-29T20:47:40.384+00:00,68fb87670013e1071b7c,true,2025-10-24T14:05:58.635+00:00,2025-10-29T20:47:38.734+00:00,0,0,0,0,null
69023806000210685cf0,"[""read(\""user:68ebb60a002139d49bc4\"")"",""update(\""user:68ebb60a002139d49bc4\"")"",""delete(\""user:68ebb60a002139d49bc4\"")""]",2025-10-29T15:51:36.661+00:00,2025-10-29T23:02:12.891+00:00,68ebb81d002be0a44940,true,2025-10-29T15:51:34.033+00:00,2025-10-29T23:02:11.973+00:00,0,0,0,0,null
6902403c0015a4dab45f,"[""read(\""user:68f0e60e001fd066f365\"")"",""update(\""user:68f0e60e001fd066f365\"")"",""delete(\""user:68f0e60e001fd066f365\"")""]",2025-10-29T16:26:36.501+00:00,2025-10-30T14:10:15.442+00:00,68f0e60e001fd066f365,true,2025-10-29T16:26:36.346+00:00,2025-10-30T14:10:14.327+00:00,5,0,105,0,null
69029497002b82f70e36,"[""read(\""user:690290b8001c8a977317\"")"",""update(\""user:690290b8001c8a977317\"")"",""delete(\""user:690290b8001c8a977317\"")""]",2025-10-29T22:07:56.752+00:00,2025-11-15T15:49:23.156+00:00,690290b8001c8a977317,true,2025-10-29T22:26:31.696+00:00,2025-11-15T15:49:22.630+00:00,0,0,137,0,null
6903c0a5000479af1f6b,"[""read(\""user:686e2d80003a3dafa792\"")"",""update(\""user:686e2d80003a3dafa792\"")"",""delete(\""user:686e2d80003a3dafa792\"")""]",2025-10-30T19:46:45.159+00:00,2025-10-30T19:46:45.159+00:00,686e2d80003a3dafa792,null,null,2025-10-30T19:46:45.071+00:00,0,0,0,0,null
6918efad001f06ab7148,"[""read(\""user:6918ef980007119589d5\"")"",""update(\""user:6918ef980007119589d5\"")"",""delete(\""user:6918ef980007119589d5\"")""]",2025-11-15T21:25:01.748+00:00,2025-11-15T21:25:01.748+00:00,6918ef980007119589d5,null,null,2025-11-15T21:25:01.496+00:00,0,0,0,0,null
6919183c0008d3d75687,"[""read(\""user:691917690013b3e40b8f\"")"",""update(\""user:691917690013b3e40b8f\"")"",""delete(\""user:691917690013b3e40b8f\"")""]",2025-11-16T00:18:06.339+00:00,2025-11-16T00:18:06.339+00:00,691917690013b3e40b8f,null,null,2025-11-16T00:18:04.143+00:00,0,0,0,0,null
69191d0a0032764f0fae,"[""read(\""user:69191a410001e0513eff\"")"",""update(\""user:69191a410001e0513eff\"")"",""delete(\""user:69191a410001e0513eff\"")""]",2025-11-16T00:38:35.554+00:00,2025-11-16T00:38:35.554+00:00,69191a410001e0513eff,null,null,2025-11-16T00:38:34.807+00:00,0,0,0,0,null
6919a6a70020823422ce,"[""read(\""user:69196906000c98157984\"")"",""update(\""user:69196906000c98157984\"")"",""delete(\""user:69196906000c98157984\"")""]",2025-11-16T10:25:44.949+00:00,2025-11-16T10:25:44.949+00:00,69196906000c98157984,null,null,2025-11-16T10:25:43.521+00:00,0,0,0,0,null
6919b67b002b91407aed,"[""read(\""user:6919b61300153cd33a4a\"")"",""update(\""user:6919b61300153cd33a4a\"")"",""delete(\""user:6919b61300153cd33a4a\"")""]",2025-11-16T11:33:16.314+00:00,2025-11-16T11:33:16.314+00:00,6919b61300153cd33a4a,null,null,2025-11-16T11:33:15.698+00:00,0,0,0,0,null
6919d3a60035a51f6103,"[""read(\""user:69197754000e6a8e7589\"")"",""update(\""user:69197754000e6a8e7589\"")"",""delete(\""user:69197754000e6a8e7589\"")""]",2025-11-16T13:37:44.454+00:00,2025-11-16T13:37:44.454+00:00,69197754000e6a8e7589,null,null,2025-11-16T13:37:42.858+00:00,0,0,0,0,null
691a0c8900013b44cbb8,"[""read(\""user:691a0bf70003223f1654\"")"",""update(\""user:691a0bf70003223f1654\"")"",""delete(\""user:691a0bf70003223f1654\"")""]",2025-11-16T17:40:20.156+00:00,2026-01-17T22:44:37.101+00:00,691a0bf70003223f1654,null,null,2026-01-17T22:44:37.007+00:00,30000,0,0,30000,null
691a8ab100066b561fdb,"[""read(\""user:691a8a3e001ed53236de\"")"",""update(\""user:691a8a3e001ed53236de\"")"",""delete(\""user:691a8a3e001ed53236de\"")""]",2025-11-17T02:38:41.386+00:00,2025-11-17T02:38:41.386+00:00,691a8a3e001ed53236de,null,null,2025-11-17T02:38:41.102+00:00,0,0,0,0,null
691b28650028215fb3f1,"[""read(\""user:691b249c003164e92f31\"")"",""update(\""user:691b249c003164e92f31\"")"",""delete(\""user:691b249c003164e92f31\"")""]",2025-11-17T13:51:34.834+00:00,2025-11-17T13:51:34.834+00:00,691b249c003164e92f31,null,null,2025-11-17T13:51:33.642+00:00,0,0,0,0,null
691b332b002ef995ab06,"[""read(\""user:69195d8100393a6e36e6\"")"",""update(\""user:69195d8100393a6e36e6\"")"",""delete(\""user:69195d8100393a6e36e6\"")""]",2025-11-17T14:37:32.531+00:00,2025-11-17T14:37:32.531+00:00,69195d8100393a6e36e6,null,null,2025-11-17T14:37:31.752+00:00,0,0,0,0,null
691c739400249136eea9,"[""read(\""user:691906db00113e339b36\"")"",""update(\""user:691906db00113e339b36\"")"",""delete(\""user:691906db00113e339b36\"")""]",2025-11-18T13:24:36.836+00:00,2025-11-18T13:24:36.836+00:00,691906db00113e339b36,null,null,2025-11-18T13:24:36.585+00:00,0,0,0,0,null
691bd7a8002789c0dffb,"[""read(\""user:691bd042001152686c39\"")"",""update(\""user:691bd042001152686c39\"")"",""delete(\""user:691bd042001152686c39\"")""]",2025-11-18T17:04:24.894+00:00,2025-11-18T17:04:24.894+00:00,691bd042001152686c39,null,null,2025-11-18T02:19:20.632+00:00,0,0,0,0,null
691db8b5003b76361c74,"[""read(\""user:691b0bb80016525394fe\"")"",""update(\""user:691b0bb80016525394fe\"")"",""delete(\""user:691b0bb80016525394fe\"")""]",2025-11-19T12:31:50.442+00:00,2025-11-19T12:31:50.442+00:00,691b0bb80016525394fe,null,null,2025-11-19T12:31:49.953+00:00,0,0,0,0,null
691ec9ea002d5066b004,"[""read(\""user:691ec81c003811f4f1d2\"")"",""update(\""user:691ec81c003811f4f1d2\"")"",""delete(\""user:691ec81c003811f4f1d2\"")""]",2025-11-20T07:57:32.902+00:00,2025-11-20T07:57:32.902+00:00,691ec81c003811f4f1d2,null,null,2025-11-20T07:57:30.725+00:00,0,0,0,0,null
691f5d3f0012547569fc,"[""read(\""user:691f5cd0001f7e2f9f81\"")"",""update(\""user:691f5cd0001f7e2f9f81\"")"",""delete(\""user:691f5cd0001f7e2f9f81\"")""]",2025-11-20T18:26:08.730+00:00,2025-11-20T18:26:08.730+00:00,691f5cd0001f7e2f9f81,null,null,2025-11-20T18:26:07.294+00:00,0,0,0,0,null
691f75630034a2306491,"[""read(\""user:691f752b00347d8e9a59\"")"",""update(\""user:691f752b00347d8e9a59\"")"",""delete(\""user:691f752b00347d8e9a59\"")""]",2025-11-20T20:09:08.937+00:00,2025-11-20T20:09:08.937+00:00,691f752b00347d8e9a59,null,null,2025-11-20T20:09:07.842+00:00,0,0,0,0,null
691f7fe900199481fa20,"[""read(\""user:691f7fc500275acd28e6\"")"",""update(\""user:691f7fc500275acd28e6\"")"",""delete(\""user:691f7fc500275acd28e6\"")""]",2025-11-20T20:54:03.859+00:00,2025-11-20T20:54:03.859+00:00,691f7fc500275acd28e6,null,null,2025-11-20T20:54:01.409+00:00,0,0,0,0,null
691f832f000922a4d5bf,"[""read(\""user:691f7cc90024d40d6cdc\"")"",""update(\""user:691f7cc90024d40d6cdc\"")"",""delete(\""user:691f7cc90024d40d6cdc\"")""]",2025-11-20T21:08:00.502+00:00,2025-11-20T21:08:00.502+00:00,691f7cc90024d40d6cdc,null,null,2025-11-20T21:07:59.147+00:00,0,0,0,0,null
691f983c0024e4462d05,"[""read(\""user:691f97d1000a7ee534a9\"")"",""update(\""user:691f97d1000a7ee534a9\"")"",""delete(\""user:691f97d1000a7ee534a9\"")""]",2025-11-20T22:37:49.190+00:00,2025-11-20T22:37:49.190+00:00,691f97d1000a7ee534a9,null,null,2025-11-20T22:37:48.590+00:00,0,0,0,0,null
691fe80800373f630759,"[""read(\""user:691fe7d90009e45eeb91\"")"",""update(\""user:691fe7d90009e45eeb91\"")"",""delete(\""user:691fe7d90009e45eeb91\"")""]",2025-11-21T04:18:17.173+00:00,2025-11-21T04:18:17.173+00:00,691fe7d90009e45eeb91,null,null,2025-11-21T04:18:16.883+00:00,0,0,0,0,null
69200098002c03a93082,"[""read(\""user:691fff6d002525cbd9d6\"")"",""update(\""user:691fff6d002525cbd9d6\"")"",""delete(\""user:691fff6d002525cbd9d6\"")""]",2025-11-21T06:03:04.968+00:00,2025-11-21T06:03:04.968+00:00,691fff6d002525cbd9d6,null,null,2025-11-21T06:03:04.704+00:00,0,0,0,0,null
692013e6001fc5845ba4,"[""read(\""user:69200a0c0023a8782d29\"")"",""update(\""user:69200a0c0023a8782d29\"")"",""delete(\""user:69200a0c0023a8782d29\"")""]",2025-11-21T07:25:27.351+00:00,2025-11-21T07:25:27.351+00:00,69200a0c0023a8782d29,null,null,2025-11-21T07:25:26.508+00:00,0,0,0,0,null
6920153b001c414a9420,"[""read(\""user:6920150b00213a60426d\"")"",""update(\""user:6920150b00213a60426d\"")"",""delete(\""user:6920150b00213a60426d\"")""]",2025-11-21T07:31:07.797+00:00,2025-11-21T07:31:07.797+00:00,6920150b00213a60426d,null,null,2025-11-21T07:31:07.452+00:00,0,0,0,0,null
69204850000a4a6fa7a2,"[""read(\""user:691f7bbf0033386da5fe\"")"",""update(\""user:691f7bbf0033386da5fe\"")"",""delete(\""user:691f7bbf0033386da5fe\"")""]",2025-11-21T11:09:05.839+00:00,2025-11-21T11:09:05.839+00:00,691f7bbf0033386da5fe,null,null,2025-11-21T11:09:04.164+00:00,0,0,0,0,null
69204da8003b08f2950b,"[""read(\""user:69202ab700247a2b856f\"")"",""update(\""user:69202ab700247a2b856f\"")"",""delete(\""user:69202ab700247a2b856f\"")""]",2025-11-21T11:31:55.013+00:00,2025-11-21T11:31:55.013+00:00,69202ab700247a2b856f,null,null,2025-11-21T11:31:52.944+00:00,0,0,0,0,null
69206b4f000d04acdf47,"[""read(\""user:6918f091002b4631ba20\"")"",""update(\""user:6918f091002b4631ba20\"")"",""delete(\""user:6918f091002b4631ba20\"")""]",2025-11-21T13:38:23.444+00:00,2025-11-21T13:38:23.444+00:00,6918f091002b4631ba20,null,null,2025-11-21T13:38:23.208+00:00,0,0,0,0,null
6920a89c002fac0c4d1b,"[""read(\""user:691ff6110029acf6c926\"")"",""update(\""user:691ff6110029acf6c926\"")"",""delete(\""user:691ff6110029acf6c926\"")""]",2025-11-21T17:59:58.782+00:00,2025-11-21T17:59:58.782+00:00,691ff6110029acf6c926,null,null,2025-11-21T17:59:56.762+00:00,0,0,0,0,null
6920ae330032c8d61b42,"[""read(\""user:6920ab570029a6e6926e\"")"",""update(\""user:6920ab570029a6e6926e\"")"",""delete(\""user:6920ab570029a6e6926e\"")""]",2025-11-21T18:23:48.190+00:00,2025-11-21T18:23:48.190+00:00,6920ab570029a6e6926e,null,null,2025-11-21T18:23:47.812+00:00,0,0,0,0,null
6920b0ec00078d42853a,"[""read(\""user:6920b0d10006703f9a16\"")"",""update(\""user:6920b0d10006703f9a16\"")"",""delete(\""user:6920b0d10006703f9a16\"")""]",2025-11-21T18:35:24.025+00:00,2025-11-21T18:35:24.025+00:00,6920b0d10006703f9a16,null,null,2025-11-21T18:35:24.120+00:00,0,0,0,0,null
6920b740002f963e7473,"[""read(\""user:6920b72f001d377d69ee\"")"",""update(\""user:6920b72f001d377d69ee\"")"",""delete(\""user:6920b72f001d377d69ee\"")""]",2025-11-21T19:02:25.897+00:00,2025-11-21T19:02:25.897+00:00,6920b72f001d377d69ee,null,null,2025-11-21T19:02:24.761+00:00,0,0,0,0,null
6920cabe000cd0ced980,"[""read(\""user:691f5be40018ee39d6b0\"")"",""update(\""user:691f5be40018ee39d6b0\"")"",""delete(\""user:691f5be40018ee39d6b0\"")""]",2025-11-21T20:25:34.472+00:00,2025-11-21T20:25:34.472+00:00,691f5be40018ee39d6b0,null,null,2025-11-21T20:25:34.205+00:00,0,0,0,0,null
6921d743001ad8fdcc76,"[""read(\""user:69209eef00181c961286\"")"",""update(\""user:69209eef00181c961286\"")"",""delete(\""user:69209eef00181c961286\"")""]",2025-11-22T15:31:15.763+00:00,2025-11-22T15:31:15.763+00:00,69209eef00181c961286,null,null,2025-11-22T15:31:15.430+00:00,0,0,0,0,null
6921ed6d003651512c5e,"[""read(\""user:69209de30008a0a4105b\"")"",""update(\""user:69209de30008a0a4105b\"")"",""delete(\""user:69209de30008a0a4105b\"")""]",2025-11-22T17:05:51.625+00:00,2025-11-22T17:05:51.625+00:00,69209de30008a0a4105b,null,null,2025-11-22T17:05:49.877+00:00,0,0,0,0,null
69229e7800384069b249,"[""read(\""user:69229e460035f91b681e\"")"",""update(\""user:69229e460035f91b681e\"")"",""delete(\""user:69229e460035f91b681e\"")""]",2025-11-23T05:41:13.672+00:00,2025-11-23T05:41:13.672+00:00,69229e460035f91b681e,null,null,2025-11-23T05:41:12.901+00:00,0,0,0,0,null
692311a30024607c48b8,"[""read(\""user:691f9e900017413c043f\"")"",""update(\""user:691f9e900017413c043f\"")"",""delete(\""user:691f9e900017413c043f\"")""]",2025-11-23T13:52:36.706+00:00,2025-11-23T13:52:36.706+00:00,691f9e900017413c043f,null,null,2025-11-23T13:52:35.582+00:00,0,0,0,0,null
69231bc700237c7a6b56,"[""read(\""user:69231b87003a440f6d86\"")"",""update(\""user:69231b87003a440f6d86\"")"",""delete(\""user:69231b87003a440f6d86\"")""]",2025-11-23T14:35:54.451+00:00,2025-11-23T14:35:54.451+00:00,69231b87003a440f6d86,null,null,2025-11-23T14:35:51.567+00:00,0,0,0,0,null
69243d8000202d4d3701,"[""read(\""user:69204f51001b616e8b53\"")"",""update(\""user:69204f51001b616e8b53\"")"",""delete(\""user:69204f51001b616e8b53\"")""]",2025-11-24T11:12:03.247+00:00,2025-11-24T11:12:03.247+00:00,69204f51001b616e8b53,null,null,2025-11-24T11:12:00.515+00:00,0,0,0,0,null
692486e70025fd795c65,"[""read(\""user:692486b00028d860b8ac\"")"",""update(\""user:692486b00028d860b8ac\"")"",""delete(\""user:692486b00028d860b8ac\"")""]",2025-11-24T16:25:12.409+00:00,2025-11-24T16:25:12.409+00:00,692486b00028d860b8ac,null,null,2025-11-24T16:25:11.607+00:00,0,0,0,0,null
69248bd800199449e402,"[""read(\""user:69248754000fac254725\"")"",""update(\""user:69248754000fac254725\"")"",""delete(\""user:69248754000fac254725\"")""]",2025-11-24T16:46:17.963+00:00,2025-11-24T16:46:17.963+00:00,69248754000fac254725,null,null,2025-11-24T16:46:16.409+00:00,0,0,0,0,null
69258e9900277d1870b1,"[""read(\""user:691f74f100068638685e\"")"",""update(\""user:691f74f100068638685e\"")"",""delete(\""user:691f74f100068638685e\"")""]",2025-11-25T11:10:18.695+00:00,2025-11-25T11:10:18.695+00:00,691f74f100068638685e,null,null,2025-11-25T11:10:17.632+00:00,0,0,0,0,null
69260b13003751375be7,"[""read(\""user:69234d7c0016d94d6606\"")"",""update(\""user:69234d7c0016d94d6606\"")"",""delete(\""user:69234d7c0016d94d6606\"")""]",2025-11-25T20:01:25.065+00:00,2025-11-25T20:01:25.065+00:00,69234d7c0016d94d6606,null,null,2025-11-25T20:01:23.886+00:00,0,0,0,0,null
6926ce18000a2f2e0a7c,"[""read(\""user:6926cde00037bfbbb746\"")"",""update(\""user:6926cde00037bfbbb746\"")"",""delete(\""user:6926cde00037bfbbb746\"")""]",2025-11-26T09:53:30.262+00:00,2025-11-26T09:53:30.262+00:00,6926cde00037bfbbb746,null,null,2025-11-26T09:53:28.162+00:00,0,0,0,0,null
69270ef40030712876e0,"[""read(\""user:69270b8600013edc133c\"")"",""update(\""user:69270b8600013edc133c\"")"",""delete(\""user:69270b8600013edc133c\"")""]",2025-11-26T14:30:16.580+00:00,2025-11-26T14:30:16.580+00:00,69270b8600013edc133c,null,null,2025-11-26T14:30:12.776+00:00,0,0,0,0,null
692774c9001fcc1dd694,"[""read(\""user:69238025002748199e85\"")"",""update(\""user:69238025002748199e85\"")"",""delete(\""user:69238025002748199e85\"")""]",2025-11-26T21:44:41.921+00:00,2025-11-26T21:44:41.921+00:00,69238025002748199e85,null,null,2025-11-26T21:44:41.508+00:00,0,0,0,0,null
6927893d00149dc9eb7b,"[""read(\""user:69231c120028b9b742ad\"")"",""update(\""user:69231c120028b9b742ad\"")"",""delete(\""user:69231c120028b9b742ad\"")""]",2025-11-26T23:11:58.663+00:00,2025-11-26T23:11:58.663+00:00,69231c120028b9b742ad,null,null,2025-11-26T23:11:57.329+00:00,0,0,0,0,null
6928a11c001651e39ce7,"[""read(\""user:692889c10025be3989ad\"")"",""update(\""user:692889c10025be3989ad\"")"",""delete(\""user:692889c10025be3989ad\"")""]",2025-11-27T19:06:05.054+00:00,2025-11-27T19:06:05.054+00:00,692889c10025be3989ad,null,null,2025-11-27T19:06:04.357+00:00,0,0,0,0,null
692aaa8c0026ab9b3065,"[""read(\""user:692aa6c4002824fb95f8\"")"",""update(\""user:692aa6c4002824fb95f8\"")"",""delete(\""user:692aa6c4002824fb95f8\"")""]",2025-11-29T08:10:54.250+00:00,2025-11-29T08:10:54.250+00:00,692aa6c4002824fb95f8,null,null,2025-11-29T08:10:52.618+00:00,0,0,0,0,null
692b6610001712fa475f,"[""read(\""user:692b657300200afc9719\"")"",""update(\""user:692b657300200afc9719\"")"",""delete(\""user:692b657300200afc9719\"")""]",2025-11-29T21:30:57.021+00:00,2025-11-29T21:30:57.021+00:00,692b657300200afc9719,null,null,2025-11-29T21:30:56.369+00:00,0,0,0,0,null
692cc525002d5a69d2b8,"[""read(\""user:692cc50f001fd63374f2\"")"",""update(\""user:692cc50f001fd63374f2\"")"",""delete(\""user:692cc50f001fd63374f2\"")""]",2025-11-30T22:28:54.109+00:00,2025-11-30T22:30:38.827+00:00,692cc50f001fd63374f2,null,null,2025-11-30T22:30:38.734+00:00,500,0,0,0,null
692cc89f0013263b85d8,"[""read(\""user:692cbdbe002374b75230\"")"",""update(\""user:692cbdbe002374b75230\"")"",""delete(\""user:692cbdbe002374b75230\"")""]",2025-11-30T22:43:45.137+00:00,2025-11-30T22:43:45.137+00:00,692cbdbe002374b75230,null,null,2025-11-30T22:43:43.307+00:00,0,0,0,0,null
692ccb59000a9c63f923,"[""read(\""user:692ccb2b001489322cac\"")"",""update(\""user:692ccb2b001489322cac\"")"",""delete(\""user:692ccb2b001489322cac\"")""]",2025-11-30T22:55:22.345+00:00,2025-11-30T22:55:22.345+00:00,692ccb2b001489322cac,null,null,2025-11-30T22:55:21.169+00:00,0,0,0,0,null
692cf7b3000dde7d674e,"[""read(\""user:692885b60028ec2b4559\"")"",""update(\""user:692885b60028ec2b4559\"")"",""delete(\""user:692885b60028ec2b4559\"")""]",2025-12-01T02:04:35.794+00:00,2025-12-01T02:04:35.794+00:00,692885b60028ec2b4559,null,null,2025-12-01T02:04:35.221+00:00,0,0,0,0,null
692e2da1000a4b3ab759,"[""read(\""user:69136e71003b54505e39\"")"",""update(\""user:69136e71003b54505e39\"")"",""delete(\""user:69136e71003b54505e39\"")""]",2025-12-02T00:06:57.924+00:00,2025-12-02T00:06:57.924+00:00,69136e71003b54505e39,null,null,2025-12-02T00:06:57.164+00:00,0,0,0,0,null
69314c7a000168567413,"[""read(\""user:69314c5500122f5b6fa8\"")"",""update(\""user:69314c5500122f5b6fa8\"")"",""delete(\""user:69314c5500122f5b6fa8\"")""]",2025-12-04T08:55:22.534+00:00,2025-12-04T08:55:22.534+00:00,69314c5500122f5b6fa8,null,null,2025-12-04T08:55:22.022+00:00,0,0,0,0,null
6934198e000d40f621ce,"[""read(\""user:69330881001bdc04b287\"")"",""update(\""user:69330881001bdc04b287\"")"",""delete(\""user:69330881001bdc04b287\"")""]",2025-12-06T11:54:55.194+00:00,2025-12-06T11:54:55.194+00:00,69330881001bdc04b287,null,null,2025-12-06T11:54:54.213+00:00,0,0,0,0,null
6935b78e003a6f429cee,"[""read(\""user:6935b747000f3f15646f\"")"",""update(\""user:6935b747000f3f15646f\"")"",""delete(\""user:6935b747000f3f15646f\"")""]",2025-12-07T17:21:19.292+00:00,2025-12-07T17:21:19.292+00:00,6935b747000f3f15646f,null,null,2025-12-07T17:21:18.936+00:00,0,0,0,0,null
6936a0900018987a343e,"[""read(\""user:69369f58000678291424\"")"",""update(\""user:69369f58000678291424\"")"",""delete(\""user:69369f58000678291424\"")""]",2025-12-08T09:55:28.722+00:00,2025-12-08T09:55:28.722+00:00,69369f58000678291424,null,null,2025-12-08T09:55:28.393+00:00,0,0,0,0,null
6936aa7a00214916dfe8,"[""read(\""user:6936a3fd00051bc875f0\"")"",""update(\""user:6936a3fd00051bc875f0\"")"",""delete(\""user:6936a3fd00051bc875f0\"")""]",2025-12-08T10:37:46.855+00:00,2025-12-08T10:37:46.855+00:00,6936a3fd00051bc875f0,null,null,2025-12-08T10:37:46.532+00:00,0,0,0,0,null
6936bc370013f900bff5,"[""read(\""user:6936bb090028e97365f9\"")"",""update(\""user:6936bb090028e97365f9\"")"",""delete(\""user:6936bb090028e97365f9\"")""]",2025-12-08T11:53:28.300+00:00,2025-12-08T11:53:28.300+00:00,6936bb090028e97365f9,null,null,2025-12-08T11:53:27.319+00:00,0,0,0,0,null
6936ce3e003abc5686fc,"[""read(\""user:6936cde0001fceed85d2\"")"",""update(\""user:6936cde0001fceed85d2\"")"",""delete(\""user:6936cde0001fceed85d2\"")""]",2025-12-08T13:10:23.322+00:00,2025-12-08T13:10:23.322+00:00,6936cde0001fceed85d2,null,null,2025-12-08T13:10:22.939+00:00,0,0,0,0,null
6936d161003b5e6834ff,"[""read(\""user:6936d0ab0009873c984d\"")"",""update(\""user:6936d0ab0009873c984d\"")"",""delete(\""user:6936d0ab0009873c984d\"")""]",2025-12-08T13:23:47.017+00:00,2025-12-08T13:23:47.017+00:00,6936d0ab0009873c984d,null,null,2025-12-08T13:23:45.950+00:00,0,0,0,0,null
6936d2d40004894a6eb0,"[""read(\""user:6936d29d001120e88ab0\"")"",""update(\""user:6936d29d001120e88ab0\"")"",""delete(\""user:6936d29d001120e88ab0\"")""]",2025-12-08T13:29:57.749+00:00,2025-12-08T13:29:57.749+00:00,6936d29d001120e88ab0,null,null,2025-12-08T13:29:56.072+00:00,0,0,0,0,null
6936f5b90003760d7b19,"[""read(\""user:6936f54d00358c64cdb8\"")"",""update(\""user:6936f54d00358c64cdb8\"")"",""delete(\""user:6936f54d00358c64cdb8\"")""]",2025-12-08T15:58:49.738+00:00,2025-12-08T15:58:49.738+00:00,6936f54d00358c64cdb8,null,null,2025-12-08T15:58:49.055+00:00,0,0,0,0,null
693705490019f699d55a,"[""read(\""user:6937010500213e28e795\"")"",""update(\""user:6937010500213e28e795\"")"",""delete(\""user:6937010500213e28e795\"")""]",2025-12-08T17:05:13.795+00:00,2025-12-08T17:05:13.795+00:00,6937010500213e28e795,null,null,2025-12-08T17:05:13.415+00:00,0,0,0,0,null
69372a66002e5bb778b8,"[""read(\""user:6936e13a000b0a26d38c\"")"",""update(\""user:6936e13a000b0a26d38c\"")"",""delete(\""user:6936e13a000b0a26d38c\"")""]",2025-12-08T19:43:35.650+00:00,2025-12-08T19:43:35.650+00:00,6936e13a000b0a26d38c,null,null,2025-12-08T19:43:34.742+00:00,0,0,0,0,null
6937688e00306ef1d504,"[""read(\""user:693768610036bf0db668\"")"",""update(\""user:693768610036bf0db668\"")"",""delete(\""user:693768610036bf0db668\"")""]",2025-12-09T00:08:47.091+00:00,2025-12-09T00:08:47.091+00:00,693768610036bf0db668,null,null,2025-12-09T00:08:46.774+00:00,0,0,0,0,null
69379d410009b16afa3e,"[""read(\""user:69379cf80039815f6b58\"")"",""update(\""user:69379cf80039815f6b58\"")"",""delete(\""user:69379cf80039815f6b58\"")""]",2025-12-09T03:53:37.611+00:00,2025-12-09T03:53:37.611+00:00,69379cf80039815f6b58,null,null,2025-12-09T03:53:37.155+00:00,0,0,0,0,null
6937b4240015748afe96,"[""read(\""user:6937b40a00014b8ce9b3\"")"",""update(\""user:6937b40a00014b8ce9b3\"")"",""delete(\""user:6937b40a00014b8ce9b3\"")""]",2025-12-09T05:31:17.674+00:00,2025-12-09T05:31:17.674+00:00,6937b40a00014b8ce9b3,null,null,2025-12-09T05:31:16.343+00:00,0,0,0,0,null
69381ae8003aa77f8ca1,"[""read(\""user:69381ad10026422222b3\"")"",""update(\""user:69381ad10026422222b3\"")"",""delete(\""user:69381ad10026422222b3\"")""]",2025-12-09T12:49:46.054+00:00,2025-12-09T12:49:46.054+00:00,69381ad10026422222b3,null,null,2025-12-09T12:49:44.938+00:00,0,0,0,0,null
69381ed40037971bba5e,"[""read(\""user:69381e9c001e4b47558e\"")"",""update(\""user:69381e9c001e4b47558e\"")"",""delete(\""user:69381e9c001e4b47558e\"")""]",2025-12-09T13:06:30.848+00:00,2025-12-09T13:06:30.848+00:00,69381e9c001e4b47558e,null,null,2025-12-09T13:06:28.890+00:00,0,0,0,0,null
69381fcb001263e45bd3,"[""read(\""user:69381f9d0018f7764375\"")"",""update(\""user:69381f9d0018f7764375\"")"",""delete(\""user:69381f9d0018f7764375\"")""]",2025-12-09T13:10:19.716+00:00,2025-12-09T13:10:19.716+00:00,69381f9d0018f7764375,null,null,2025-12-09T13:10:35.294+00:00,0,0,0,0,null
69383b16000d86c8869a,"[""read(\""user:69383adf0019494b3121\"")"",""update(\""user:69383adf0019494b3121\"")"",""delete(\""user:69383adf0019494b3121\"")""]",2025-12-09T15:07:02.602+00:00,2025-12-09T15:07:02.602+00:00,69383adf0019494b3121,null,null,2025-12-09T15:07:02.216+00:00,0,0,0,0,null
69386a230016e3deede4,"[""read(\""user:693869ed0007fb369a51\"")"",""update(\""user:693869ed0007fb369a51\"")"",""delete(\""user:693869ed0007fb369a51\"")""]",2025-12-09T18:27:47.702+00:00,2025-12-09T18:27:47.702+00:00,693869ed0007fb369a51,null,null,2025-12-09T18:27:47.367+00:00,0,0,0,0,null
69386aea0026c4567475,"[""read(\""user:69382a1f0000c34ad6da\"")"",""update(\""user:69382a1f0000c34ad6da\"")"",""delete(\""user:69382a1f0000c34ad6da\"")""]",2025-12-09T18:31:06.903+00:00,2025-12-09T18:31:06.903+00:00,69382a1f0000c34ad6da,null,null,2025-12-09T18:31:06.620+00:00,0,0,0,0,null
69387231001d8a4451a9,"[""read(\""user:6936dc2a0005b1131bc1\"")"",""update(\""user:6936dc2a0005b1131bc1\"")"",""delete(\""user:6936dc2a0005b1131bc1\"")""]",2025-12-09T19:02:09.772+00:00,2025-12-09T19:02:09.772+00:00,6936dc2a0005b1131bc1,null,null,2025-12-09T19:02:09.472+00:00,0,0,0,0,null
693893a800301b158109,"[""read(\""user:69382d85003bce7cd2d9\"")"",""update(\""user:69382d85003bce7cd2d9\"")"",""delete(\""user:69382d85003bce7cd2d9\"")""]",2025-12-09T21:24:57.429+00:00,2025-12-09T21:24:57.429+00:00,69382d85003bce7cd2d9,null,null,2025-12-09T21:24:56.769+00:00,0,0,0,0,null
6938a412001dcd6b0e4c,"[""read(\""user:6936c2f20008d2bf095d\"")"",""update(\""user:6936c2f20008d2bf095d\"")"",""delete(\""user:6936c2f20008d2bf095d\"")""]",2025-12-09T22:35:01.235+00:00,2025-12-09T22:35:01.235+00:00,6936c2f20008d2bf095d,null,null,2025-12-09T22:34:58.489+00:00,0,0,0,0,null
6939366800006e8beb6d,"[""read(\""user:693857020021287571ad\"")"",""update(\""user:693857020021287571ad\"")"",""delete(\""user:693857020021287571ad\"")""]",2025-12-10T08:59:21.109+00:00,2025-12-10T08:59:21.109+00:00,693857020021287571ad,null,null,2025-12-10T08:59:20.007+00:00,0,0,0,0,null
69396a060022fae19e4b,"[""read(\""user:69395fa80027fdb26b80\"")"",""update(\""user:69395fa80027fdb26b80\"")"",""delete(\""user:69395fa80027fdb26b80\"")""]",2025-12-10T12:39:35.690+00:00,2025-12-10T12:39:35.690+00:00,69395fa80027fdb26b80,null,null,2025-12-10T12:39:34.559+00:00,0,0,0,0,null
69396ed8002f8b28f462,"[""read(\""user:69396ea6002a08b77192\"")"",""update(\""user:69396ea6002a08b77192\"")"",""delete(\""user:69396ea6002a08b77192\"")""]",2025-12-10T13:00:09.339+00:00,2025-12-10T13:00:09.339+00:00,69396ea6002a08b77192,null,null,2025-12-10T13:00:08.761+00:00,0,0,0,0,null
69396f0d00294ec931f2,"[""read(\""user:69396e430030c65e79f2\"")"",""update(\""user:69396e430030c65e79f2\"")"",""delete(\""user:69396e430030c65e79f2\"")""]",2025-12-10T13:01:02.205+00:00,2025-12-10T13:01:02.205+00:00,69396e430030c65e79f2,null,null,2025-12-10T13:01:01.661+00:00,0,0,0,0,null
6939795e001dd30b2d15,"[""read(\""user:69397621001601289a7a\"")"",""update(\""user:69397621001601289a7a\"")"",""delete(\""user:69397621001601289a7a\"")""]",2025-12-10T13:45:04.811+00:00,2025-12-10T13:45:04.811+00:00,69397621001601289a7a,null,null,2025-12-10T13:45:02.477+00:00,0,0,0,0,null
693a0aca0011d7e133bb,"[""read(\""user:6938686a003d695966a7\"")"",""update(\""user:6938686a003d695966a7\"")"",""delete(\""user:6938686a003d695966a7\"")""]",2025-12-11T00:05:30.615+00:00,2025-12-11T00:05:30.615+00:00,6938686a003d695966a7,null,null,2025-12-11T00:05:30.285+00:00,0,0,0,0,null
693d084c0002d80deae9,"[""read(\""user:6937695600240a6f51c5\"")"",""update(\""user:6937695600240a6f51c5\"")"",""delete(\""user:6937695600240a6f51c5\"")""]",2025-12-13T06:31:40.688+00:00,2025-12-13T06:31:40.688+00:00,6937695600240a6f51c5,null,null,2025-12-13T06:31:40.045+00:00,0,0,0,0,null
693dc8eb0030eb5a4f4e,"[""read(\""user:693dc8d30033bbc55763\"")"",""update(\""user:693dc8d30033bbc55763\"")"",""delete(\""user:693dc8d30033bbc55763\"")""]",2025-12-13T20:13:32.106+00:00,2025-12-13T20:13:32.106+00:00,693dc8d30033bbc55763,null,null,2025-12-13T20:13:31.782+00:00,0,0,0,0,null
69418924003e271a915b,"[""read(\""user:6941861a001775a92c66\"")"",""update(\""user:6941861a001775a92c66\"")"",""delete(\""user:6941861a001775a92c66\"")""]",2025-12-16T16:29:41.733+00:00,2025-12-16T16:29:41.733+00:00,6941861a001775a92c66,null,null,2025-12-16T16:30:28.994+00:00,0,0,0,0,null
69418ae800061738cb77,"[""read(\""user:69418ab50011d92b7a5d\"")"",""update(\""user:69418ab50011d92b7a5d\"")"",""delete(\""user:69418ab50011d92b7a5d\"")""]",2025-12-16T16:37:44.287+00:00,2025-12-16T16:37:44.287+00:00,69418ab50011d92b7a5d,null,null,2025-12-16T16:38:00.097+00:00,0,0,0,0,null
694207d20003f7f0760f,"[""read(\""user:69398edd002cd86b6175\"")"",""update(\""user:69398edd002cd86b6175\"")"",""delete(\""user:69398edd002cd86b6175\"")""]",2025-12-17T01:30:58.405+00:00,2025-12-17T01:30:58.405+00:00,69398edd002cd86b6175,null,null,2025-12-17T01:30:58.063+00:00,0,0,0,0,null
69437ea70026c29ef06e,"[""read(\""user:69437e5e0012191229c1\"")"",""update(\""user:69437e5e0012191229c1\"")"",""delete(\""user:69437e5e0012191229c1\"")""]",2025-12-18T04:10:16.650+00:00,2025-12-18T04:10:16.650+00:00,69437e5e0012191229c1,null,null,2025-12-18T04:10:15.620+00:00,0,0,0,0,null
694430b10038e297fe65,"[""read(\""user:69442d73001fc5d7c132\"")"",""update(\""user:69442d73001fc5d7c132\"")"",""delete(\""user:69442d73001fc5d7c132\"")""]",2025-12-18T16:48:20.800+00:00,2025-12-18T16:48:20.800+00:00,69442d73001fc5d7c132,null,null,2025-12-18T16:49:53.911+00:00,0,0,0,0,null
6946c57e001e768536be,"[""read(\""user:6946c1b5000b9902e6a8\"")"",""update(\""user:6946c1b5000b9902e6a8\"")"",""delete(\""user:6946c1b5000b9902e6a8\"")""]",2025-12-20T15:49:18.966+00:00,2025-12-20T15:49:18.966+00:00,6946c1b5000b9902e6a8,null,null,2025-12-20T15:49:18.487+00:00,0,0,0,0,null
694c3d440016dec85e5a,"[""read(\""user:6936ce0d00372f34be73\"")"",""update(\""user:6936ce0d00372f34be73\"")"",""delete(\""user:6936ce0d00372f34be73\"")""]",2025-12-24T19:21:40.798+00:00,2025-12-24T19:21:40.798+00:00,6936ce0d00372f34be73,null,null,2025-12-24T19:21:40.367+00:00,0,0,0,0,null
69526467001b6cbf77ab,"[""read(\""user:69356f05000b32203fa4\"")"",""update(\""user:69356f05000b32203fa4\"")"",""delete(\""user:69356f05000b32203fa4\"")""]",2025-12-29T11:22:16.684+00:00,2025-12-29T11:22:16.684+00:00,69356f05000b32203fa4,null,null,2025-12-29T11:22:15.438+00:00,0,0,0,0,null
695271ee0012b7438f57,"[""read(\""user:6920827100012a2fb046\"")"",""update(\""user:6920827100012a2fb046\"")"",""delete(\""user:6920827100012a2fb046\"")""]",2025-12-29T12:19:58.629+00:00,2025-12-29T12:19:58.629+00:00,6920827100012a2fb046,null,null,2025-12-29T12:19:58.299+00:00,0,0,0,0,null
6953f0a2001d3b7afb3e,"[""read(\""user:694db448001f481c1f9d\"")"",""update(\""user:694db448001f481c1f9d\"")"",""delete(\""user:694db448001f481c1f9d\"")""]",2025-12-30T15:32:51.258+00:00,2025-12-30T15:32:51.258+00:00,694db448001f481c1f9d,null,null,2025-12-30T15:32:50.467+00:00,0,0,0,0,null
6958e7bc003c59b56ca3,"[""read(\""user:6958e7ab0003e94ab97a\"")"",""update(\""user:6958e7ab0003e94ab97a\"")"",""delete(\""user:6958e7ab0003e94ab97a\"")""]",2026-01-03T09:56:13.071+00:00,2026-01-07T06:01:46.134+00:00,6958e7ab0003e94ab97a,null,null,2026-01-07T06:01:45.975+00:00,80,70,0,140,null
6958f31c003b81a015c8,"[""read(\""user:6958e7ab0003e94ab97a\"")"",""update(\""user:6958e7ab0003e94ab97a\"")"",""delete(\""user:6958e7ab0003e94ab97a\"")""]",2026-01-03T10:44:45.031+00:00,2026-01-31T21:05:29.792+00:00,6958e3cc002fef6e48fc,null,null,2026-01-31T21:05:29.722+00:00,75,0,75,0,null
69629a54003e14d6cdfa,"[""read(\""user:691faaea0020aef93bfe\"")"",""update(\""user:691faaea0020aef93bfe\"")"",""delete(\""user:691faaea0020aef93bfe\"")""]",2026-01-10T18:28:39.404+00:00,2026-01-10T18:28:39.404+00:00,691faaea0020aef93bfe,null,null,2026-01-10T18:28:36.996+00:00,0,0,0,0,null
69654d1900081909ec6e,"[""read(\""user:695bbbfc001ffea1227c\"")"",""update(\""user:695bbbfc001ffea1227c\"")"",""delete(\""user:695bbbfc001ffea1227c\"")""]",2026-01-12T19:35:56.235+00:00,2026-01-12T19:35:56.235+00:00,695bbbfc001ffea1227c,null,null,2026-01-12T19:35:53.129+00:00,0,0,0,0,null
69663468002045c72549,"[""read(\""user:69662ee7003a59a51006\"")"",""update(\""user:69662ee7003a59a51006\"")"",""delete(\""user:69662ee7003a59a51006\"")""]",2026-01-13T12:02:48.855+00:00,2026-01-13T12:02:48.855+00:00,69662ee7003a59a51006,null,null,2026-01-13T12:02:48.516+00:00,0,0,0,0,null
6968c59b0014ec0561bd,"[""read(\""user:6968c56a001ba4f05a52\"")"",""update(\""user:6968c56a001ba4f05a52\"")"",""delete(\""user:6968c56a001ba4f05a52\"")""]",2026-01-15T10:46:51.997+00:00,2026-01-15T10:46:51.997+00:00,6968c56a001ba4f05a52,null,null,2026-01-15T10:46:51.334+00:00,0,0,0,0,null
696a67520000d7488573,"[""read(\""user:696a671500050b1448fa\"")"",""update(\""user:696a671500050b1448fa\"")"",""delete(\""user:696a671500050b1448fa\"")""]",2026-01-16T16:29:06.326+00:00,2026-04-07T13:42:19.681+00:00,696a671500050b1448fa,null,null,2026-04-07T13:42:19.387+00:00,8000,0,0,10000,null
696ad06c002132da65d5,"[""read(\""user:696acffa0018c4d7dd8d\"")"",""update(\""user:696acffa0018c4d7dd8d\"")"",""delete(\""user:696acffa0018c4d7dd8d\"")""]",2026-01-16T23:57:34.757+00:00,2026-01-16T23:57:34.757+00:00,696acffa0018c4d7dd8d,null,null,2026-01-16T23:57:32.533+00:00,0,0,0,0,null
696bb74b0028b7497580,"[""read(\""user:696b62270032c38c955d\"")"",""update(\""user:696b62270032c38c955d\"")"",""delete(\""user:696b62270032c38c955d\"")""]",2026-01-17T16:22:36.102+00:00,2026-01-17T16:22:36.102+00:00,696b62270032c38c955d,null,null,2026-01-17T16:22:35.652+00:00,0,0,0,0,null
696bd647003d11851c8d,"[""read(\""user:696bd5df0008a3e76ad7\"")"",""update(\""user:696bd5df0008a3e76ad7\"")"",""delete(\""user:696bd5df0008a3e76ad7\"")""]",2026-01-17T18:34:49.330+00:00,2026-01-17T18:34:49.330+00:00,696bd5df0008a3e76ad7,null,null,2026-01-17T18:34:47.977+00:00,0,0,0,0,null
696c1050001b64d75721,"[""read(\""user:691da5af0007029c24fb\"")"",""update(\""user:691da5af0007029c24fb\"")"",""delete(\""user:691da5af0007029c24fb\"")""]",2026-01-17T22:42:24.877+00:00,2026-01-31T21:19:44.309+00:00,691da5af0007029c24fb,null,null,2026-01-31T21:19:44.237+00:00,46,0,46,0,null
696d32ee0002a4d216b3,"[""read(\""user:696d3274002b35cd81c6\"")"",""update(\""user:696d3274002b35cd81c6\"")"",""delete(\""user:696d3274002b35cd81c6\"")""]",2026-01-18T19:22:23.846+00:00,2026-01-18T19:22:23.846+00:00,696d3274002b35cd81c6,null,null,2026-01-18T19:22:22.042+00:00,0,0,0,0,null
696d38ac000861fb0f5c,"[""read(\""user:696d38440011413b1ad3\"")"",""update(\""user:696d38440011413b1ad3\"")"",""delete(\""user:696d38440011413b1ad3\"")""]",2026-01-18T19:46:53.652+00:00,2026-01-18T19:46:53.652+00:00,696d38440011413b1ad3,null,null,2026-01-18T19:46:52.134+00:00,0,0,0,0,null
696d397a003533b1fff9,,2026-01-18T19:50:18.924+00:00,2026-01-18T19:50:19.538+00:00,69136eef00305787cfed,null,null,2026-01-18T19:50:19.459+00:00,42,0,42,0,null
696d39a9001422b11c4c,"[""read(\""user:696d394d00151de483fe\"")"",""update(\""user:696d394d00151de483fe\"")"",""delete(\""user:696d394d00151de483fe\"")""]",2026-01-18T19:51:06.027+00:00,2026-01-18T19:51:06.027+00:00,696d394d00151de483fe,null,null,2026-01-18T19:51:05.323+00:00,0,0,0,0,null
696d3d2c003e3ba275e3,"[""read(\""user:696d3ccb0025abc368e6\"")"",""update(\""user:696d3ccb0025abc368e6\"")"",""delete(\""user:696d3ccb0025abc368e6\"")""]",2026-01-18T20:06:06.027+00:00,2026-01-18T20:06:06.027+00:00,696d3ccb0025abc368e6,null,null,2026-01-18T20:06:04.995+00:00,0,0,0,0,null
696d3e70000105c419ff,"[""read(\""user:696d3c690010882a337e\"")"",""update(\""user:696d3c690010882a337e\"")"",""delete(\""user:696d3c690010882a337e\"")""]",2026-01-18T20:11:29.402+00:00,2026-01-18T20:11:29.402+00:00,696d3c690010882a337e,null,null,2026-01-18T20:11:28.019+00:00,0,0,0,0,null
696d3f2b002defb9db36,"[""read(\""user:696d3f17002225926191\"")"",""update(\""user:696d3f17002225926191\"")"",""delete(\""user:696d3f17002225926191\"")""]",2026-01-18T20:14:37.088+00:00,2026-01-18T20:14:37.088+00:00,696d3f17002225926191,null,null,2026-01-18T20:14:35.734+00:00,0,0,0,0,null
696de940002c9323024e,"[""read(\""user:696de71c001f9c2ce0dd\"")"",""update(\""user:696de71c001f9c2ce0dd\"")"",""delete(\""user:696de71c001f9c2ce0dd\"")""]",2026-01-19T08:20:18.112+00:00,2026-01-19T08:20:18.112+00:00,696de71c001f9c2ce0dd,null,null,2026-01-19T08:20:16.714+00:00,0,0,0,0,null
696df5e8001d47e92d52,"[""read(\""user:696df5ba0027c19f8b80\"")"",""update(\""user:696df5ba0027c19f8b80\"")"",""delete(\""user:696df5ba0027c19f8b80\"")""]",2026-01-19T09:14:16.774+00:00,2026-01-19T09:14:16.774+00:00,696df5ba0027c19f8b80,null,null,2026-01-19T09:14:16.469+00:00,0,0,0,0,null
696e0e7000361577f3e7,"[""read(\""user:696e0d5a0019478ca978\"")"",""update(\""user:696e0d5a0019478ca978\"")"",""delete(\""user:696e0d5a0019478ca978\"")""]",2026-01-19T10:58:58.873+00:00,2026-01-19T10:58:58.873+00:00,696e0d5a0019478ca978,null,null,2026-01-19T10:58:56.865+00:00,0,0,0,0,null
696e17a50025e7c9f369,"[""read(\""user:696e14de00084e0af8f9\"")"",""update(\""user:696e14de00084e0af8f9\"")"",""delete(\""user:696e14de00084e0af8f9\"")""]",2026-01-19T11:38:15.193+00:00,2026-01-19T11:38:15.193+00:00,696e14de00084e0af8f9,null,null,2026-01-19T11:38:13.606+00:00,0,0,0,0,null
696e26a600072458f033,"[""read(\""user:696e2649000902d6520c\"")"",""update(\""user:696e2649000902d6520c\"")"",""delete(\""user:696e2649000902d6520c\"")""]",2026-01-19T12:42:14.564+00:00,2026-01-19T12:42:14.564+00:00,696e2649000902d6520c,null,null,2026-01-19T12:42:14.114+00:00,0,0,0,0,null
696e9e0700035ffafaf1,"[""read(\""user:696e9da30023d7bc63e6\"")"",""update(\""user:696e9da30023d7bc63e6\"")"",""delete(\""user:696e9da30023d7bc63e6\"")""]",2026-01-19T21:11:35.897+00:00,2026-01-19T21:11:35.897+00:00,696e9da30023d7bc63e6,null,null,2026-01-19T21:11:35.053+00:00,0,0,0,0,null
696ea6110037d6c279b9,"[""read(\""user:696ea5cd000fb5a612aa\"")"",""update(\""user:696ea5cd000fb5a612aa\"")"",""delete(\""user:696ea5cd000fb5a612aa\"")""]",2026-01-19T21:45:53.928+00:00,2026-01-19T21:45:53.928+00:00,696ea5cd000fb5a612aa,null,null,2026-01-19T21:45:53.894+00:00,0,0,0,0,null
696f2115000c53b52230,"[""read(\""user:696df6200008a26dd981\"")"",""update(\""user:696df6200008a26dd981\"")"",""delete(\""user:696df6200008a26dd981\"")""]",2026-01-20T06:30:46.199+00:00,2026-01-20T06:30:46.199+00:00,696df6200008a26dd981,null,null,2026-01-20T06:30:45.199+00:00,0,0,0,0,null
696f3f5f002198c3dff6,"[""read(\""user:696f3d4a002b7c41a9cc\"")"",""update(\""user:696f3d4a002b7c41a9cc\"")"",""delete(\""user:696f3d4a002b7c41a9cc\"")""]",2026-01-20T08:40:51.482+00:00,2026-01-20T08:40:51.482+00:00,696f3d4a002b7c41a9cc,null,null,2026-01-20T08:39:59.538+00:00,0,0,0,0,null
696f51350019a00743df,"[""read(\""user:696f5105003dae8e7924\"")"",""update(\""user:696f5105003dae8e7924\"")"",""delete(\""user:696f5105003dae8e7924\"")""]",2026-01-20T09:56:06.749+00:00,2026-01-20T09:56:06.749+00:00,696f5105003dae8e7924,null,null,2026-01-20T09:56:05.411+00:00,0,0,0,0,null
696f658a001d059d4d01,"[""read(\""user:696f64ba000520ce59e9\"")"",""update(\""user:696f64ba000520ce59e9\"")"",""delete(\""user:696f64ba000520ce59e9\"")""]",2026-01-20T11:22:51.014+00:00,2026-01-20T11:22:51.014+00:00,696f64ba000520ce59e9,null,null,2026-01-20T11:22:50.466+00:00,0,0,0,0,null
696f717d0011f763524e,"[""read(\""user:696f6d4e0019d4d6f122\"")"",""update(\""user:696f6d4e0019d4d6f122\"")"",""delete(\""user:696f6d4e0019d4d6f122\"")""]",2026-01-20T12:13:50.824+00:00,2026-01-20T12:13:50.824+00:00,696f6d4e0019d4d6f122,null,null,2026-01-20T12:13:49.287+00:00,0,0,0,0,null
696f737000227ea4d081,"[""read(\""user:696e62930016b108f84c\"")"",""update(\""user:696e62930016b108f84c\"")"",""delete(\""user:696e62930016b108f84c\"")""]",2026-01-20T12:22:08.937+00:00,2026-01-20T12:22:08.937+00:00,696e62930016b108f84c,null,null,2026-01-20T12:22:08.551+00:00,0,0,0,0,null
696f85c0000152010994,"[""read(\""user:696f8431000b56f8c091\"")"",""update(\""user:696f8431000b56f8c091\"")"",""delete(\""user:696f8431000b56f8c091\"")""]",2026-01-20T13:40:16.320+00:00,2026-01-20T13:40:16.320+00:00,696f8431000b56f8c091,null,null,2026-01-20T13:40:16.021+00:00,0,0,0,0,null
696f86ab0010a4fbc123,"[""read(\""user:696f5881000678060454\"")"",""update(\""user:696f5881000678060454\"")"",""delete(\""user:696f5881000678060454\"")""]",2026-01-20T13:44:11.813+00:00,2026-01-20T13:44:11.813+00:00,696f5881000678060454,null,null,2026-01-20T13:44:11.267+00:00,0,0,0,0,null
696f912500105e1994d0,"[""read(\""user:696e62d3002f179ff712\"")"",""update(\""user:696e62d3002f179ff712\"")"",""delete(\""user:696e62d3002f179ff712\"")""]",2026-01-20T14:28:53.751+00:00,2026-01-20T14:28:53.751+00:00,696e62d3002f179ff712,null,null,2026-01-20T14:28:53.261+00:00,0,0,0,0,null
696fa4a5001146a5cc29,"[""read(\""user:696fa4660021551c8e06\"")"",""update(\""user:696fa4660021551c8e06\"")"",""delete(\""user:696fa4660021551c8e06\"")""]",2026-01-20T15:52:05.784+00:00,2026-01-20T15:52:05.784+00:00,696fa4660021551c8e06,null,null,2026-01-20T15:52:05.277+00:00,0,0,0,0,null
696faed5003562c58809,"[""read(\""user:696fab9d0032b069238a\"")"",""update(\""user:696fab9d0032b069238a\"")"",""delete(\""user:696fab9d0032b069238a\"")""]",2026-01-20T16:35:34.208+00:00,2026-01-20T16:35:34.208+00:00,696fab9d0032b069238a,null,null,2026-01-20T16:35:33.854+00:00,0,0,0,0,null
696fc6f0003332a3f165,"[""read(\""user:696fc6990034dc130c6b\"")"",""update(\""user:696fc6990034dc130c6b\"")"",""delete(\""user:696fc6990034dc130c6b\"")""]",2026-01-20T18:18:25.407+00:00,2026-01-20T18:18:25.407+00:00,696fc6990034dc130c6b,null,null,2026-01-20T18:18:24.819+00:00,0,0,0,0,null
696fe6420018ce23a65d,"[""read(\""user:696fe5c100273b052484\"")"",""update(\""user:696fe5c100273b052484\"")"",""delete(\""user:696fe5c100273b052484\"")""]",2026-01-20T20:32:02.751+00:00,2026-01-20T20:32:02.751+00:00,696fe5c100273b052484,null,null,2026-01-20T20:32:02.396+00:00,0,0,0,0,null
696ff33b000f9a2f3c06,"[""read(\""user:696fe90b00281afe2750\"")"",""update(\""user:696fe90b00281afe2750\"")"",""delete(\""user:696fe90b00281afe2750\"")""]",2026-01-20T21:27:25.508+00:00,2026-01-20T21:27:25.508+00:00,696fe90b00281afe2750,null,null,2026-01-20T21:27:23.249+00:00,0,0,0,0,null
69703d720020b4319fe6,"[""read(\""user:696ea0d80015a295deb6\"")"",""update(\""user:696ea0d80015a295deb6\"")"",""delete(\""user:696ea0d80015a295deb6\"")""]",2026-01-21T02:44:03.673+00:00,2026-01-21T02:44:03.673+00:00,696ea0d80015a295deb6,null,null,2026-01-21T02:44:02.523+00:00,0,0,0,0,null
6970733c0029c482cd47,"[""read(\""user:697072df00108ebfccff\"")"",""update(\""user:697072df00108ebfccff\"")"",""delete(\""user:697072df00108ebfccff\"")""]",2026-01-21T06:33:33.233+00:00,2026-01-21T06:33:33.233+00:00,697072df00108ebfccff,null,null,2026-01-21T06:33:32.668+00:00,0,0,0,0,null
697086a00021030f38e0,"[""read(\""user:697086810021f5795291\"")"",""update(\""user:697086810021f5795291\"")"",""delete(\""user:697086810021f5795291\"")""]",2026-01-21T07:56:16.782+00:00,2026-01-21T07:56:16.782+00:00,697086810021f5795291,null,null,2026-01-21T07:56:16.540+00:00,0,0,0,0,null
697087bd001f320d49a5,"[""read(\""user:6970860e002c4bac62b9\"")"",""update(\""user:6970860e002c4bac62b9\"")"",""delete(\""user:6970860e002c4bac62b9\"")""]",2026-01-21T08:01:03.660+00:00,2026-01-21T08:01:03.660+00:00,6970860e002c4bac62b9,null,null,2026-01-21T08:01:01.500+00:00,100,0,0,0,null
69709115002b095eb351,"[""read(\""user:697090ba0038ab11f821\"")"",""update(\""user:697090ba0038ab11f821\"")"",""delete(\""user:697090ba0038ab11f821\"")""]",2026-01-21T08:40:54.434+00:00,2026-05-06T14:12:58.171+00:00,697090ba0038ab11f821,null,null,2026-05-06T14:12:58.033+00:00,0,0,0,47000,null
6970986b000505bd2536,"[""read(\""user:696fa28a000d0c2cdc58\"")"",""update(\""user:696fa28a000d0c2cdc58\"")"",""delete(\""user:696fa28a000d0c2cdc58\"")""]",2026-01-21T09:12:11.943+00:00,2026-01-21T09:12:11.943+00:00,696fa28a000d0c2cdc58,null,null,2026-01-21T09:12:11.080+00:00,0,0,0,0,null
6970a3d4001fd0bfdfd3,"[""read(\""user:697092d8002e841673a2\"")"",""update(\""user:697092d8002e841673a2\"")"",""delete(\""user:697092d8002e841673a2\"")""]",2026-01-21T10:00:54.412+00:00,2026-01-21T10:00:54.412+00:00,697092d8002e841673a2,null,null,2026-01-21T10:00:52.509+00:00,0,0,0,0,null
6970b0d9001a04d3f270,"[""read(\""user:6970b0310025fe992f97\"")"",""update(\""user:6970b0310025fe992f97\"")"",""delete(\""user:6970b0310025fe992f97\"")""]",2026-01-21T10:56:25.830+00:00,2026-01-21T10:56:25.830+00:00,6970b0310025fe992f97,null,null,2026-01-21T10:56:25.416+00:00,0,0,0,0,null
6970bcae00397aab0df1,"[""read(\""user:6970ba260011b21e0908\"")"",""update(\""user:6970ba260011b21e0908\"")"",""delete(\""user:6970ba260011b21e0908\"")""]",2026-01-21T11:46:56.519+00:00,2026-01-21T11:46:56.519+00:00,6970ba260011b21e0908,null,null,2026-01-21T11:46:54.919+00:00,0,0,0,0,null
6970c3610013becde32c,"[""read(\""user:6970c19c003e7d62b01f\"")"",""update(\""user:6970c19c003e7d62b01f\"")"",""delete(\""user:6970c19c003e7d62b01f\"")""]",2026-01-21T12:15:30.495+00:00,2026-01-21T12:15:30.495+00:00,6970c19c003e7d62b01f,null,null,2026-01-21T12:15:29.315+00:00,0,0,0,0,null
6970c6540037f99361b1,"[""read(\""user:6970c612003c178379d4\"")"",""update(\""user:6970c612003c178379d4\"")"",""delete(\""user:6970c612003c178379d4\"")""]",2026-01-21T12:28:06.190+00:00,2026-01-21T12:28:06.190+00:00,6970c612003c178379d4,null,null,2026-01-21T12:28:04.897+00:00,0,0,0,0,null
6970ca8f003282a74a74,"[""read(\""user:6970c84e003d91143100\"")"",""update(\""user:6970c84e003d91143100\"")"",""delete(\""user:6970c84e003d91143100\"")""]",2026-01-21T12:46:08.419+00:00,2026-01-21T12:46:08.419+00:00,6970c84e003d91143100,null,null,2026-01-21T12:46:07.809+00:00,0,0,0,0,null
6970d3fb00094f36e89d,"[""read(\""user:6970afd8001c97bda536\"")"",""update(\""user:6970afd8001c97bda536\"")"",""delete(\""user:6970afd8001c97bda536\"")""]",2026-01-21T13:26:20.574+00:00,2026-01-21T13:26:20.574+00:00,6970afd8001c97bda536,null,null,2026-01-21T13:26:19.148+00:00,0,0,0,0,null
6970e166002fdc7ea0d0,"[""read(\""user:6970861f002742e21fb5\"")"",""update(\""user:6970861f002742e21fb5\"")"",""delete(\""user:6970861f002742e21fb5\"")""]",2026-01-21T14:23:35.387+00:00,2026-02-05T19:56:40.578+00:00,6970861f002742e21fb5,null,null,2026-02-05T19:56:38.478+00:00,0,0,12750,0,null
6970ea3f001726cab6ca,"[""read(\""user:6970ce77001f7021db9e\"")"",""update(\""user:6970ce77001f7021db9e\"")"",""delete(\""user:6970ce77001f7021db9e\"")""]",2026-01-21T15:01:20.549+00:00,2026-01-21T15:01:20.549+00:00,6970ce77001f7021db9e,null,null,2026-01-21T15:01:19.370+00:00,0,0,0,0,null
6970f7fd0024d343f1a4,"[""read(\""user:6970f78b001a9a8253fd\"")"",""update(\""user:6970f78b001a9a8253fd\"")"",""delete(\""user:6970f78b001a9a8253fd\"")""]",2026-01-21T15:59:57.711+00:00,2026-01-21T16:03:04.391+00:00,6970f78b001a9a8253fd,null,null,2026-01-21T16:03:04.258+00:00,100,0,0,0,null
6970ffee0031f462294d,"[""read(\""user:696fe96600053e141897\"")"",""update(\""user:696fe96600053e141897\"")"",""delete(\""user:696fe96600053e141897\"")""]",2026-01-21T16:33:52.181+00:00,2026-01-21T16:33:52.181+00:00,696fe96600053e141897,null,null,2026-01-21T16:33:50.799+00:00,0,0,0,0,null
697131700005ad7bd154,"[""read(\""user:69712c070005c9f6088c\"")"",""update(\""user:69712c070005c9f6088c\"")"",""delete(\""user:69712c070005c9f6088c\"")""]",2026-01-21T20:05:05.185+00:00,2026-01-21T20:05:05.185+00:00,69712c070005c9f6088c,null,null,2026-01-21T20:05:04.090+00:00,0,0,0,0,null
69714d6a0006b50a080e,"[""read(\""user:6970c277000a60f05437\"")"",""update(\""user:6970c277000a60f05437\"")"",""delete(\""user:6970c277000a60f05437\"")""]",2026-01-21T22:05:41.621+00:00,2026-01-21T22:05:41.621+00:00,6970c277000a60f05437,null,null,2026-01-21T22:04:26.108+00:00,0,0,0,0,null
697150d400304a469b8b,"[""read(\""user:697150a000389622e46c\"")"",""update(\""user:697150a000389622e46c\"")"",""delete(\""user:697150a000389622e46c\"")""]",2026-01-21T22:19:02.303+00:00,2026-01-21T22:19:02.303+00:00,697150a000389622e46c,null,null,2026-01-21T22:19:00.773+00:00,0,0,0,0,null
6971c97700144baf3f47,"[""read(\""user:6971c76c00162eaaeb53\"")"",""update(\""user:6971c76c00162eaaeb53\"")"",""delete(\""user:6971c76c00162eaaeb53\"")""]",2026-01-22T06:53:44.177+00:00,2026-01-22T06:53:44.177+00:00,6971c76c00162eaaeb53,null,null,2026-01-22T06:53:43.324+00:00,0,0,0,0,null
6971d7a000102c58cfc0,"[""read(\""user:697163640027527975a9\"")"",""update(\""user:697163640027527975a9\"")"",""delete(\""user:697163640027527975a9\"")""]",2026-01-22T07:54:09.615+00:00,2026-01-22T07:54:09.615+00:00,697163640027527975a9,null,null,2026-01-22T07:54:08.258+00:00,0,0,0,0,null
697265cc003da7df131b,"[""read(\""user:6972652a003dedfdb9a2\"")"",""update(\""user:6972652a003dedfdb9a2\"")"",""delete(\""user:6972652a003dedfdb9a2\"")""]",2026-01-22T18:00:46.030+00:00,2026-01-22T18:00:46.030+00:00,6972652a003dedfdb9a2,null,null,2026-01-22T18:00:44.986+00:00,0,0,0,0,null
69731c440024a825d769,"[""read(\""user:696ffc7a002d23662280\"")"",""update(\""user:696ffc7a002d23662280\"")"",""delete(\""user:696ffc7a002d23662280\"")""]",2026-01-23T06:59:16.774+00:00,2026-01-23T06:59:16.774+00:00,696ffc7a002d23662280,null,null,2026-01-23T06:59:16.586+00:00,0,0,0,0,null
697336f5002fc6bbe24f,"[""read(\""user:697336cd003849a87021\"")"",""update(\""user:697336cd003849a87021\"")"",""delete(\""user:697336cd003849a87021\"")""]",2026-01-23T08:53:10.605+00:00,2026-01-23T08:53:10.605+00:00,697336cd003849a87021,null,null,2026-01-23T08:53:09.764+00:00,0,0,0,0,null
69734ba2002874491ddd,"[""read(\""user:69734b6a002dd5854808\"")"",""update(\""user:69734b6a002dd5854808\"")"",""delete(\""user:69734b6a002dd5854808\"")""]",2026-01-23T10:21:23.538+00:00,2026-01-23T10:21:23.538+00:00,69734b6a002dd5854808,null,null,2026-01-23T10:21:22.647+00:00,0,0,0,0,null
69734d0800018404914b,"[""read(\""user:69734a2f00174c58dd5d\"")"",""update(\""user:69734a2f00174c58dd5d\"")"",""delete(\""user:69734a2f00174c58dd5d\"")""]",2026-01-23T10:27:20.350+00:00,2026-05-06T20:08:36.938+00:00,69734a2f00174c58dd5d,null,null,2026-05-06T20:08:36.107+00:00,1000,0,16000,0,null
697350db000ddaa4798c,"[""read(\""user:6973504e00110d3fad95\"")"",""update(\""user:6973504e00110d3fad95\"")"",""delete(\""user:6973504e00110d3fad95\"")""]",2026-01-23T10:43:40.574+00:00,2026-01-23T10:43:40.574+00:00,6973504e00110d3fad95,null,null,2026-01-23T10:43:39.221+00:00,0,0,0,0,null
697364290007dfa08565,"[""read(\""user:6970f652001f2814daf8\"")"",""update(\""user:6970f652001f2814daf8\"")"",""delete(\""user:6970f652001f2814daf8\"")""]",2026-01-23T12:06:02.046+00:00,2026-01-23T12:06:02.046+00:00,6970f652001f2814daf8,null,null,2026-01-23T12:06:01.127+00:00,0,0,0,0,null
697367110003731b262c,"[""read(\""user:697278c10033fbeffc16\"")"",""update(\""user:697278c10033fbeffc16\"")"",""delete(\""user:697278c10033fbeffc16\"")""]",2026-01-23T12:18:26.735+00:00,2026-01-23T12:18:26.735+00:00,697278c10033fbeffc16,null,null,2026-01-23T12:18:25.055+00:00,0,0,0,0,null
6975434e003c7c47b759,"[""read(\""user:697541d40033ddb9526f\"")"",""update(\""user:697541d40033ddb9526f\"")"",""delete(\""user:697541d40033ddb9526f\"")""]",2026-01-24T22:10:24.729+00:00,2026-01-24T22:10:24.729+00:00,697541d40033ddb9526f,null,null,2026-01-24T22:10:22.967+00:00,0,0,0,0,null
69754a76003a103aa3fc,"[""read(\""user:69754a4c0029cce8d493\"")"",""update(\""user:69754a4c0029cce8d493\"")"",""delete(\""user:69754a4c0029cce8d493\"")""]",2026-01-24T22:40:55.982+00:00,2026-01-24T22:40:55.982+00:00,69754a4c0029cce8d493,null,null,2026-01-24T22:40:54.929+00:00,0,0,0,0,null
6979ced2000a11c9ba70,"[""read(\""user:697882a5000679d114c2\"")"",""update(\""user:697882a5000679d114c2\"")"",""delete(\""user:697882a5000679d114c2\"")""]",2026-01-28T08:54:44.932+00:00,2026-01-28T08:54:44.932+00:00,697882a5000679d114c2,null,null,2026-01-28T08:54:42.161+00:00,0,0,0,0,null
697b0a960037b1f1b992,"[""read(\""user:697b0a5c001944e5dbbe\"")"",""update(\""user:697b0a5c001944e5dbbe\"")"",""delete(\""user:697b0a5c001944e5dbbe\"")""]",2026-01-29T07:21:59.417+00:00,2026-01-29T07:21:59.417+00:00,697b0a5c001944e5dbbe,null,null,2026-01-29T07:21:58.891+00:00,0,0,0,0,null
697b60dd0009fe4843cf,"[""read(\""user:697b60a1003766848adc\"")"",""update(\""user:697b60a1003766848adc\"")"",""delete(\""user:697b60a1003766848adc\"")""]",2026-01-29T13:30:05.670+00:00,2026-01-29T13:30:05.670+00:00,697b60a1003766848adc,null,null,2026-01-29T13:30:05.160+00:00,0,0,0,0,null
697b61f4003d7f7a45a8,"[""read(\""user:697b61c30001b785f5c8\"")"",""update(\""user:697b61c30001b785f5c8\"")"",""delete(\""user:697b61c30001b785f5c8\"")""]",2026-01-29T13:34:45.622+00:00,2026-01-29T13:34:45.622+00:00,697b61c30001b785f5c8,null,null,2026-01-29T13:34:44.983+00:00,0,0,0,0,null
697c6b9000062fd49896,"[""read(\""user:697c6b720032ca52ffb8\"")"",""update(\""user:697c6b720032ca52ffb8\"")"",""delete(\""user:697c6b720032ca52ffb8\"")""]",2026-01-30T08:28:01.259+00:00,2026-01-30T08:28:01.259+00:00,697c6b720032ca52ffb8,null,null,2026-01-30T08:28:00.098+00:00,0,0,0,0,null
697c7f8e002eda1c6847,"[""read(\""user:697c7f38002a5f6d9500\"")"",""update(\""user:697c7f38002a5f6d9500\"")"",""delete(\""user:697c7f38002a5f6d9500\"")""]",2026-01-30T09:53:19.243+00:00,2026-01-30T09:53:19.243+00:00,697c7f38002a5f6d9500,null,null,2026-01-30T09:53:18.750+00:00,0,0,0,0,null
697c8ae4002b368fef64,"[""read(\""user:6970bc58002f30c9137b\"")"",""update(\""user:6970bc58002f30c9137b\"")"",""delete(\""user:6970bc58002f30c9137b\"")""]",2026-01-30T10:41:40.964+00:00,2026-01-30T10:41:40.964+00:00,6970bc58002f30c9137b,null,null,2026-01-30T10:41:40.692+00:00,0,0,0,0,null
697c99fc0029386e8814,"[""read(\""user:697c99660037053dcc9e\"")"",""update(\""user:697c99660037053dcc9e\"")"",""delete(\""user:697c99660037053dcc9e\"")""]",2026-01-30T11:46:05.360+00:00,2026-01-30T11:46:05.360+00:00,697c99660037053dcc9e,null,null,2026-01-30T11:46:04.659+00:00,0,0,0,0,null
697cbfc1001a3719f505,"[""read(\""user:697c673900160a1178c7\"")"",""update(\""user:697c673900160a1178c7\"")"",""delete(\""user:697c673900160a1178c7\"")""]",2026-01-30T14:27:13.836+00:00,2026-01-30T14:27:13.836+00:00,697c673900160a1178c7,null,null,2026-01-30T14:27:13.419+00:00,0,0,0,0,null
697cdbe500004dc6024f,"[""read(\""user:697cd9b70019bb7f0a44\"")"",""update(\""user:697cd9b70019bb7f0a44\"")"",""delete(\""user:697cd9b70019bb7f0a44\"")""]",2026-01-30T16:27:18.366+00:00,2026-01-30T16:27:18.366+00:00,697cd9b70019bb7f0a44,null,null,2026-01-30T16:27:17.004+00:00,0,0,0,0,null
697cf121000b96120b4a,"[""read(\""user:697cece6000ad2730b36\"")"",""update(\""user:697cece6000ad2730b36\"")"",""delete(\""user:697cece6000ad2730b36\"")""]",2026-01-30T17:57:54.617+00:00,2026-04-23T10:46:15.174+00:00,697cece6000ad2730b36,null,null,2026-04-23T10:46:15.070+00:00,10000,0,0,0,null
697d2f5200258f899a1f,"[""read(\""user:697d2f2d003c02dcecbc\"")"",""update(\""user:697d2f2d003c02dcecbc\"")"",""delete(\""user:697d2f2d003c02dcecbc\"")""]",2026-01-30T22:23:14.871+00:00,2026-01-30T22:23:14.871+00:00,697d2f2d003c02dcecbc,null,null,2026-01-30T22:23:14.600+00:00,0,0,0,0,null
697d37770030bc0947dd,"[""read(\""user:697d34bb000410f59810\"")"",""update(\""user:697d34bb000410f59810\"")"",""delete(\""user:697d34bb000410f59810\"")""]",2026-01-30T22:58:00.615+00:00,2026-01-30T22:58:00.615+00:00,697d34bb000410f59810,null,null,2026-01-30T22:57:59.782+00:00,0,0,0,0,null
697d37f9002750cb2d7d,"[""read(\""user:697d37c6002687b65b70\"")"",""update(\""user:697d37c6002687b65b70\"")"",""delete(\""user:697d37c6002687b65b70\"")""]",2026-01-30T23:00:10.281+00:00,2026-01-30T23:00:10.281+00:00,697d37c6002687b65b70,null,null,2026-01-30T23:00:09.630+00:00,0,0,0,0,null
697dc89f0013d6e6307d,"[""read(\""user:697dc8820020fd1f2e47\"")"",""update(\""user:697dc8820020fd1f2e47\"")"",""delete(\""user:697dc8820020fd1f2e47\"")""]",2026-01-31T09:17:19.658+00:00,2026-01-31T09:17:19.658+00:00,697dc8820020fd1f2e47,null,null,2026-01-31T09:17:19.317+00:00,0,0,0,0,null
697dd8d6000830a58322,"[""read(\""user:697dd8bf0002d52e742d\"")"",""update(\""user:697dd8bf0002d52e742d\"")"",""delete(\""user:697dd8bf0002d52e742d\"")""]",2026-01-31T10:26:32.031+00:00,2026-05-15T14:00:43.621+00:00,697dd8bf0002d52e742d,null,null,2026-05-15T14:00:43.536+00:00,5800,4200,0,4200,null
697dedd6001a260bb22b,"[""read(\""user:697dec410037487af50a\"")"",""update(\""user:697dec410037487af50a\"")"",""delete(\""user:697dec410037487af50a\"")""]",2026-01-31T11:56:07.887+00:00,2026-01-31T11:56:07.887+00:00,697dec410037487af50a,null,null,2026-01-31T11:56:06.419+00:00,0,0,0,0,null
697e0a5f0020ac66e923,"[""read(\""user:697e0a43000d6617a52f\"")"",""update(\""user:697e0a43000d6617a52f\"")"",""delete(\""user:697e0a43000d6617a52f\"")""]",2026-01-31T13:57:52.037+00:00,2026-04-05T12:11:53.559+00:00,697e0a43000d6617a52f,null,null,2026-04-05T12:11:53.475+00:00,0,0,0,57600,null
697e13b20033b3ec241d,"[""read(\""user:697e13880004d7b58d93\"")"",""update(\""user:697e13880004d7b58d93\"")"",""delete(\""user:697e13880004d7b58d93\"")""]",2026-01-31T14:37:39.172+00:00,2026-01-31T14:37:39.172+00:00,697e13880004d7b58d93,null,null,2026-01-31T14:37:38.827+00:00,0,0,0,0,null
697e422e003acaa4ace4,"[""read(\""user:6958de530008d604f1da\"")"",""update(\""user:6958de530008d604f1da\"")"",""delete(\""user:6958de530008d604f1da\"")""]",2026-01-31T17:56:00.914+00:00,2026-01-31T17:56:00.914+00:00,6958de530008d604f1da,null,null,2026-01-31T17:55:58.940+00:00,0,0,0,0,null
697e4383003181e9a25d,"[""read(\""user:697e436700190d9c303f\"")"",""update(\""user:697e436700190d9c303f\"")"",""delete(\""user:697e436700190d9c303f\"")""]",2026-01-31T18:01:40.788+00:00,2026-01-31T18:01:40.788+00:00,697e436700190d9c303f,null,null,2026-01-31T18:01:39.792+00:00,0,0,0,0,null
697e4b1a00399f500ba5,"[""read(\""user:697e4ac7000da86ac273\"")"",""update(\""user:697e4ac7000da86ac273\"")"",""delete(\""user:697e4ac7000da86ac273\"")""]",2026-01-31T18:34:03.271+00:00,2026-03-15T15:13:49.239+00:00,697e4ac7000da86ac273,null,null,2026-03-15T15:13:49.168+00:00,0,0,0,46000,null
697e78cb003741686880,"[""read(\""user:697e722500117e81ecb6\"")"",""update(\""user:697e722500117e81ecb6\"")"",""delete(\""user:697e722500117e81ecb6\"")""]",2026-01-31T21:49:01.076+00:00,2026-01-31T21:49:01.076+00:00,697e722500117e81ecb6,null,null,2026-01-31T21:48:59.884+00:00,0,0,0,0,null
697e7ce5003a368669ea,"[""read(\""user:697e7cad00009712d2e7\"")"",""update(\""user:697e7cad00009712d2e7\"")"",""delete(\""user:697e7cad00009712d2e7\"")""]",2026-01-31T22:06:30.297+00:00,2026-02-01T18:01:02.764+00:00,697e7cad00009712d2e7,null,null,2026-02-01T18:01:02.665+00:00,2000,0,0,0,null
697e9c53001f475d9d37,"[""read(\""user:697e999c0020bdffca62\"")"",""update(\""user:697e999c0020bdffca62\"")"",""delete(\""user:697e999c0020bdffca62\"")""]",2026-02-01T00:20:35.800+00:00,2026-02-01T00:20:35.800+00:00,697e999c0020bdffca62,null,null,2026-02-01T00:20:35.500+00:00,0,0,0,0,null
697f040e002ca47401f7,"[""read(\""user:697f03ed00069c3225c5\"")"",""update(\""user:697f03ed00069c3225c5\"")"",""delete(\""user:697f03ed00069c3225c5\"")""]",2026-02-01T07:43:10.873+00:00,2026-02-01T07:43:10.873+00:00,697f03ed00069c3225c5,null,null,2026-02-01T07:43:10.715+00:00,0,0,0,0,null
697f9b0e003d51090982,"[""read(\""user:697f9af40029f769d81d\"")"",""update(\""user:697f9af40029f769d81d\"")"",""delete(\""user:697f9af40029f769d81d\"")""]",2026-02-01T18:27:27.251+00:00,2026-02-07T07:48:27.764+00:00,697f9af40029f769d81d,null,null,2026-02-07T07:48:27.675+00:00,0,15000,0,33750,null
69806f0e0007182ecffe,"[""read(\""user:696f8789002f33551fe4\"")"",""update(\""user:696f8789002f33551fe4\"")"",""delete(\""user:696f8789002f33551fe4\"")""]",2026-02-02T09:31:58.446+00:00,2026-02-02T09:31:58.446+00:00,696f8789002f33551fe4,null,null,2026-02-02T09:31:58.113+00:00,0,0,0,0,null
6980afe2000839875dab,"[""read(\""user:6980aee200330e78a9db\"")"",""update(\""user:6980aee200330e78a9db\"")"",""delete(\""user:6980aee200330e78a9db\"")""]",2026-02-02T14:08:36.363+00:00,2026-02-02T14:08:36.363+00:00,6980aee200330e78a9db,null,null,2026-02-02T14:08:34.131+00:00,0,0,0,0,null
69822e8d000e14e53d5f,"[""read(\""user:69822e5f000c64694b8d\"")"",""update(\""user:69822e5f000c64694b8d\"")"",""delete(\""user:69822e5f000c64694b8d\"")""]",2026-02-03T17:21:18.644+00:00,2026-02-03T17:21:18.644+00:00,69822e5f000c64694b8d,null,null,2026-02-03T17:21:17.225+00:00,0,0,0,0,null
69830e0700033680ebd7,"[""read(\""user:697ccab700314fe663cf\"")"",""update(\""user:697ccab700314fe663cf\"")"",""delete(\""user:697ccab700314fe663cf\"")""]",2026-02-04T09:14:48.105+00:00,2026-02-04T09:14:48.105+00:00,697ccab700314fe663cf,null,null,2026-02-04T09:14:47.051+00:00,0,0,0,0,null
698346a900078fc9b76e,"[""read(\""user:69834688003130a3cb64\"")"",""update(\""user:69834688003130a3cb64\"")"",""delete(\""user:69834688003130a3cb64\"")""]",2026-02-04T13:16:25.465+00:00,2026-02-04T13:16:25.465+00:00,69834688003130a3cb64,null,null,2026-02-04T13:16:25.120+00:00,0,0,0,0,null
698395fc00123143499f,"[""read(\""user:698395a6003595ac5a15\"")"",""update(\""user:698395a6003595ac5a15\"")"",""delete(\""user:698395a6003595ac5a15\"")""]",2026-02-04T18:54:52.670+00:00,2026-02-05T19:55:21.203+00:00,698395a6003595ac5a15,null,null,2026-02-05T19:55:21.110+00:00,0,0,0,15000,null
69844d6800223f61bb0f,"[""read(\""user:6980c8f800373c3b410d\"")"",""update(\""user:6980c8f800373c3b410d\"")"",""delete(\""user:6980c8f800373c3b410d\"")""]",2026-02-05T07:57:31.000+00:00,2026-02-05T07:57:31.000+00:00,6980c8f800373c3b410d,null,null,2026-02-05T07:57:28.547+00:00,0,0,0,0,null
69847690000fb02a3101,"[""read(\""user:698476490002ef9cfaea\"")"",""update(\""user:698476490002ef9cfaea\"")"",""delete(\""user:698476490002ef9cfaea\"")""]",2026-02-05T10:53:05.057+00:00,2026-02-05T10:53:05.057+00:00,698476490002ef9cfaea,null,null,2026-02-05T10:53:04.251+00:00,0,0,0,0,null
6985b0b8002304783009,"[""read(\""user:6985b08f001b989258f4\"")"",""update(\""user:6985b08f001b989258f4\"")"",""delete(\""user:6985b08f001b989258f4\"")""]",2026-02-06T09:13:28.925+00:00,2026-02-06T09:13:28.925+00:00,6985b08f001b989258f4,null,null,2026-02-06T09:13:28.560+00:00,0,0,0,0,null
6985ddc4000dfc71a1ed,"[""read(\""user:6985caa6001876c96afe\"")"",""update(\""user:6985caa6001876c96afe\"")"",""delete(\""user:6985caa6001876c96afe\"")""]",2026-02-06T12:25:40.818+00:00,2026-02-06T12:25:40.818+00:00,6985caa6001876c96afe,null,null,2026-02-06T12:25:40.223+00:00,0,0,0,0,null
698601b8002d14cd3d38,"[""read(\""user:6985c3560031dfc7ed88\"")"",""update(\""user:6985c3560031dfc7ed88\"")"",""delete(\""user:6985c3560031dfc7ed88\"")""]",2026-02-06T14:59:07.853+00:00,2026-02-06T14:59:07.853+00:00,6985c3560031dfc7ed88,null,null,2026-02-06T14:59:04.721+00:00,0,0,0,0,null
6986078600359f50fa75,"[""read(\""user:69860669003852ecfd78\"")"",""update(\""user:69860669003852ecfd78\"")"",""delete(\""user:69860669003852ecfd78\"")""]",2026-02-06T15:23:50.009+00:00,2026-02-06T15:23:50.009+00:00,69860669003852ecfd78,null,null,2026-02-06T15:23:50.857+00:00,0,0,0,0,null
6986ecc2003030b6b26a,"[""read(\""user:6986ec8300321873e37d\"")"",""update(\""user:6986ec8300321873e37d\"")"",""delete(\""user:6986ec8300321873e37d\"")""]",2026-02-07T07:41:54.021+00:00,2026-02-07T07:41:54.021+00:00,6986ec8300321873e37d,null,null,2026-02-07T07:41:54.771+00:00,0,0,0,0,null
69872f7b001d0096371d,"[""read(\""user:69872c96001fa55cb4ba\"")"",""update(\""user:69872c96001fa55cb4ba\"")"",""delete(\""user:69872c96001fa55cb4ba\"")""]",2026-02-07T12:26:35.626+00:00,2026-02-07T12:26:35.626+00:00,69872c96001fa55cb4ba,null,null,2026-02-07T12:26:35.464+00:00,0,0,0,0,null
698737c7001d024115d7,"[""read(\""user:698605f500110c23f9f2\"")"",""update(\""user:698605f500110c23f9f2\"")"",""delete(\""user:698605f500110c23f9f2\"")""]",2026-02-07T13:01:59.727+00:00,2026-03-07T12:32:58.176+00:00,698605f500110c23f9f2,null,null,2026-03-07T12:32:57.159+00:00,0,0,19550,0,null
69875c3e0009f9cceab8,"[""read(\""user:69849662000685cb29d7\"")"",""update(\""user:69849662000685cb29d7\"")"",""delete(\""user:69849662000685cb29d7\"")""]",2026-02-07T15:38:26.622+00:00,2026-02-24T14:03:41.079+00:00,69849662000685cb29d7,null,null,2026-02-24T14:02:46.859+00:00,0,0,8500,0,null
6988d3f0003bffa28583,"[""read(\""user:6988d3d10003bfb28f6a\"")"",""update(\""user:6988d3d10003bfb28f6a\"")"",""delete(\""user:6988d3d10003bfb28f6a\"")""]",2026-02-08T18:20:33.872+00:00,2026-02-08T18:20:33.872+00:00,6988d3d10003bfb28f6a,null,null,2026-02-08T18:20:32.959+00:00,0,0,0,0,null
6988dfa000157fb7e1e1,"[""read(\""user:6988df2800324579d73d\"")"",""update(\""user:6988df2800324579d73d\"")"",""delete(\""user:6988df2800324579d73d\"")""]",2026-02-08T19:10:25.283+00:00,2026-02-08T19:10:25.283+00:00,6988df2800324579d73d,null,null,2026-02-08T19:10:24.344+00:00,0,0,0,0,null
6989722c003d7ab0f67f,"[""read(\""user:6989720b001141942d32\"")"",""update(\""user:6989720b001141942d32\"")"",""delete(\""user:6989720b001141942d32\"")""]",2026-02-09T05:35:41.585+00:00,2026-02-09T05:35:41.585+00:00,6989720b001141942d32,null,null,2026-02-09T05:35:40.983+00:00,0,0,0,0,null
6989d9280008b2a305d6,"[""read(\""user:6989cfb40038de7e133d\"")"",""update(\""user:6989cfb40038de7e133d\"")"",""delete(\""user:6989cfb40038de7e133d\"")""]",2026-02-09T12:55:10.998+00:00,2026-02-09T12:55:10.998+00:00,6989cfb40038de7e133d,null,null,2026-02-09T12:55:04.140+00:00,0,0,0,0,null
698a06c1002428888cf9,"[""read(\""user:6988b1a7003d0f80200d\"")"",""update(\""user:6988b1a7003d0f80200d\"")"",""delete(\""user:6988b1a7003d0f80200d\"")""]",2026-02-09T16:09:39.341+00:00,2026-02-09T16:09:39.341+00:00,6988b1a7003d0f80200d,null,null,2026-02-09T16:09:37.579+00:00,0,0,0,0,null
698abe0700105a28233e,"[""read(\""user:698abd80002dca14cc13\"")"",""update(\""user:698abd80002dca14cc13\"")"",""delete(\""user:698abd80002dca14cc13\"")""]",2026-02-10T05:11:35.536+00:00,2026-02-10T05:11:35.536+00:00,698abd80002dca14cc13,null,null,2026-02-10T05:11:35.261+00:00,0,0,0,0,null
698aeca00004c8a8805e,"[""read(\""user:698aec8a001cd5f9352b\"")"",""update(\""user:698aec8a001cd5f9352b\"")"",""delete(\""user:698aec8a001cd5f9352b\"")""]",2026-02-10T08:30:24.754+00:00,2026-02-10T08:30:24.754+00:00,698aec8a001cd5f9352b,null,null,2026-02-10T08:30:24.076+00:00,0,0,0,0,null
698b843a002dd8bbb80f,"[""read(\""user:698b841c001f1415919f\"")"",""update(\""user:698b841c001f1415919f\"")"",""delete(\""user:698b841c001f1415919f\"")""]",2026-02-10T19:17:14.904+00:00,2026-02-10T19:17:14.904+00:00,698b841c001f1415919f,null,null,2026-02-10T19:17:14.733+00:00,0,0,0,0,null
698c634b002132555f9d,"[""read(\""user:698c5c380018b2c8f91b\"")"",""update(\""user:698c5c380018b2c8f91b\"")"",""delete(\""user:698c5c380018b2c8f91b\"")""]",2026-02-11T11:09:00.663+00:00,2026-02-11T11:09:00.663+00:00,698c5c380018b2c8f91b,null,null,2026-02-11T11:08:59.532+00:00,0,0,0,0,null
698c6b50000a56e5708e,"[""read(\""user:698c5ba000161ffd969a\"")"",""update(\""user:698c5ba000161ffd969a\"")"",""delete(\""user:698c5ba000161ffd969a\"")""]",2026-02-11T11:43:13.551+00:00,2026-02-11T11:43:13.551+00:00,698c5ba000161ffd969a,null,null,2026-02-11T11:43:12.165+00:00,0,0,0,0,null
698ce3fb002cf800b22c,"[""read(\""user:698ce3a8000f15ad873e\"")"",""update(\""user:698ce3a8000f15ad873e\"")"",""delete(\""user:698ce3a8000f15ad873e\"")""]",2026-02-11T20:18:04.172+00:00,2026-05-06T18:00:43.841+00:00,698ce3a8000f15ad873e,null,null,2026-05-06T18:00:43.264+00:00,3800,100,0,6200,null
698f73af00062fa51df0,"[""read(\""user:69873d7d002b8e640be1\"")"",""update(\""user:69873d7d002b8e640be1\"")"",""delete(\""user:69873d7d002b8e640be1\"")""]",2026-02-13T18:55:47.228+00:00,2026-02-13T18:55:47.228+00:00,69873d7d002b8e640be1,null,null,2026-02-13T18:55:43.098+00:00,0,0,0,0,null
69903af700196fa77fe8,"[""read(\""user:69903ab30034da30a873\"")"",""update(\""user:69903ab30034da30a873\"")"",""delete(\""user:69903ab30034da30a873\"")""]",2026-02-14T09:05:59.974+00:00,2026-02-14T09:05:59.974+00:00,69903ab30034da30a873,null,null,2026-02-14T09:05:59.406+00:00,0,0,0,0,null
6991bdbb001d4ece5afd,"[""read(\""user:6991bd950000cddc1e93\"")"",""update(\""user:6991bd950000cddc1e93\"")"",""delete(\""user:6991bd950000cddc1e93\"")""]",2026-02-15T12:36:14.270+00:00,2026-02-15T12:36:14.270+00:00,6991bd950000cddc1e93,null,null,2026-02-15T12:36:11.468+00:00,0,0,0,0,null
699493ee001192d0b98c,"[""read(\""user:69944df30004fcb5a923\"")"",""update(\""user:69944df30004fcb5a923\"")"",""delete(\""user:69944df30004fcb5a923\"")""]",2026-02-17T16:14:38.607+00:00,2026-02-23T17:34:00.587+00:00,69944df30004fcb5a923,null,null,2026-02-23T17:34:00.511+00:00,0,0,0,10000,null
6995d5d4002d1b84ae57,"[""read(\""user:6995d5640025ebc27fa5\"")"",""update(\""user:6995d5640025ebc27fa5\"")"",""delete(\""user:6995d5640025ebc27fa5\"")""]",2026-02-18T15:08:02.831+00:00,2026-02-18T15:08:02.831+00:00,6995d5640025ebc27fa5,null,null,2026-02-18T15:08:04.768+00:00,0,0,0,0,null
6998682a003c2eddcde9,"[""read(\""user:699867e100165d2ee2ba\"")"",""update(\""user:699867e100165d2ee2ba\"")"",""delete(\""user:699867e100165d2ee2ba\"")""]",2026-02-20T13:56:59.420+00:00,2026-02-20T13:56:59.420+00:00,699867e100165d2ee2ba,null,null,2026-02-20T13:56:58.963+00:00,0,0,0,0,null
699adc980026ce96e181,"[""read(\""user:699adc6e002f02ccb0fd\"")"",""update(\""user:699adc6e002f02ccb0fd\"")"",""delete(\""user:699adc6e002f02ccb0fd\"")""]",2026-02-22T10:38:18.448+00:00,2026-02-22T10:38:18.448+00:00,699adc6e002f02ccb0fd,null,null,2026-02-22T10:38:16.620+00:00,0,0,0,0,null
699c41130000267591dd,"[""read(\""user:699c40f3000a8140d4bb\"")"",""update(\""user:699c40f3000a8140d4bb\"")"",""delete(\""user:699c40f3000a8140d4bb\"")""]",2026-02-23T11:59:15.424+00:00,2026-02-23T11:59:15.424+00:00,699c40f3000a8140d4bb,null,null,2026-02-23T11:59:15.002+00:00,0,0,0,0,null
699c4ad0001aa54c9fc7,"[""read(\""user:699c4aa5002ddf34a507\"")"",""update(\""user:699c4aa5002ddf34a507\"")"",""delete(\""user:699c4aa5002ddf34a507\"")""]",2026-02-23T12:40:48.732+00:00,2026-02-23T12:40:48.732+00:00,699c4aa5002ddf34a507,null,null,2026-02-23T12:40:48.426+00:00,0,0,0,0,null
699c953200300345fc19,"[""read(\""user:699c94a800265b37fe76\"")"",""update(\""user:699c94a800265b37fe76\"")"",""delete(\""user:699c94a800265b37fe76\"")""]",2026-02-23T17:58:15.186+00:00,2026-02-23T17:58:15.186+00:00,699c94a800265b37fe76,null,null,2026-02-23T17:58:10.768+00:00,0,0,0,0,null
699cb62b003b54c664d8,"[""read(\""user:699af17d0003db25d217\"")"",""update(\""user:699af17d0003db25d217\"")"",""delete(\""user:699af17d0003db25d217\"")""]",2026-02-23T20:19:03.469+00:00,2026-02-23T20:19:03.469+00:00,699af17d0003db25d217,null,null,2026-02-23T20:18:51.949+00:00,0,0,0,0,null
699d58c6000a1268c2ed,"[""read(\""user:699d58ab000a2aa703ae\"")"",""update(\""user:699d58ab000a2aa703ae\"")"",""delete(\""user:699d58ab000a2aa703ae\"")""]",2026-02-24T07:52:39.909+00:00,2026-02-24T07:52:39.909+00:00,699d58ab000a2aa703ae,null,null,2026-02-24T07:52:38.161+00:00,0,0,0,0,null
699d9453003b693875ea,"[""read(\""user:699c71fd001584de2907\"")"",""update(\""user:699c71fd001584de2907\"")"",""delete(\""user:699c71fd001584de2907\"")""]",2026-02-24T12:06:44.402+00:00,2026-02-24T12:06:44.402+00:00,699c71fd001584de2907,null,null,2026-02-24T12:06:43.950+00:00,0,0,0,0,null
699dd8510024d08071fb,"[""read(\""user:699dd806001b6e54306d\"")"",""update(\""user:699dd806001b6e54306d\"")"",""delete(\""user:699dd806001b6e54306d\"")""]",2026-02-24T16:56:49.966+00:00,2026-02-24T16:56:49.966+00:00,699dd806001b6e54306d,null,null,2026-02-24T16:56:49.589+00:00,0,0,0,0,null
699f9f1f0004204dae42,"[""read(\""user:699f9ef20024b9a2564d\"")"",""update(\""user:699f9ef20024b9a2564d\"")"",""delete(\""user:699f9ef20024b9a2564d\"")""]",2026-02-26T01:17:20.005+00:00,2026-02-26T01:17:20.005+00:00,699f9ef20024b9a2564d,null,null,2026-02-26T01:17:19.066+00:00,0,0,0,0,null
69a0dff70028cf9c497e,"[""read(\""user:69a0d9500023a5da4959\"")"",""update(\""user:69a0d9500023a5da4959\"")"",""delete(\""user:69a0d9500023a5da4959\"")""]",2026-02-27T00:06:18.252+00:00,2026-02-27T00:06:18.252+00:00,69a0d9500023a5da4959,null,null,2026-02-27T00:06:15.652+00:00,0,0,0,0,null
69a28f24003d02b8b643,"[""read(\""user:69a28a1400077329b9de\"")"",""update(\""user:69a28a1400077329b9de\"")"",""delete(\""user:69a28a1400077329b9de\"")""]",2026-02-28T06:45:58.517+00:00,2026-02-28T06:45:58.517+00:00,69a28a1400077329b9de,null,null,2026-02-28T06:45:56.976+00:00,0,0,0,0,null
69a2ab230025605cd08d,"[""read(\""user:69a2a7c3002ed65be1ea\"")"",""update(\""user:69a2a7c3002ed65be1ea\"")"",""delete(\""user:69a2a7c3002ed65be1ea\"")""]",2026-02-28T08:45:24.384+00:00,2026-05-02T17:48:43.576+00:00,69a2a7c3002ed65be1ea,null,null,2026-05-02T17:48:43.492+00:00,0,0,0,50000,null
69a731d7000ab27bfa9f,"[""read(\""user:69a731bb0008fafda73f\"")"",""update(\""user:69a731bb0008fafda73f\"")"",""delete(\""user:69a731bb0008fafda73f\"")""]",2026-03-03T19:09:11.809+00:00,2026-03-03T19:09:11.809+00:00,69a731bb0008fafda73f,null,null,2026-03-03T19:09:11.171+00:00,0,0,0,0,null
69a7c22200172790d03b,"[""read(\""user:69a67ef00014e765812e\"")"",""update(\""user:69a67ef00014e765812e\"")"",""delete(\""user:69a67ef00014e765812e\"")""]",2026-03-04T05:24:50.833+00:00,2026-03-04T05:24:50.833+00:00,69a67ef00014e765812e,null,null,2026-03-04T05:24:50.370+00:00,0,0,0,0,null
69a7fd880005c293b2df,"[""read(\""user:69845ba600344f7c497f\"")"",""update(\""user:69845ba600344f7c497f\"")"",""delete(\""user:69845ba600344f7c497f\"")""]",2026-03-04T09:38:16.598+00:00,2026-03-04T09:38:16.598+00:00,69845ba600344f7c497f,null,null,2026-03-04T09:38:16.092+00:00,0,0,0,0,null
69a81d2d00187ebab89f,"[""read(\""user:69a81910000000522966\"")"",""update(\""user:69a81910000000522966\"")"",""delete(\""user:69a81910000000522966\"")""]",2026-03-04T11:53:17.710+00:00,2026-03-04T11:53:17.710+00:00,69a81910000000522966,null,null,2026-03-04T11:53:17.391+00:00,0,0,0,0,null
69a91ac5002ed53b2617,"[""read(\""user:69a91aa0000205b3aae7\"")"",""update(\""user:69a91aa0000205b3aae7\"")"",""delete(\""user:69a91aa0000205b3aae7\"")""]",2026-03-05T05:55:18.164+00:00,2026-03-05T05:55:18.164+00:00,69a91aa0000205b3aae7,null,null,2026-03-05T05:55:17.749+00:00,0,0,0,0,null
69a93af90039c5dd7199,"[""read(\""user:69a93ab8001fdff32256\"")"",""update(\""user:69a93ab8001fdff32256\"")"",""delete(\""user:69a93ab8001fdff32256\"")""]",2026-03-05T08:12:43.434+00:00,2026-03-05T08:12:43.434+00:00,69a93ab8001fdff32256,null,null,2026-03-05T08:12:41.924+00:00,0,0,0,0,null
69aa6945002bbf6b52f0,"[""read(\""user:69a9fbaa002d0e8b6634\"")"",""update(\""user:69a9fbaa002d0e8b6634\"")"",""delete(\""user:69a9fbaa002d0e8b6634\"")""]",2026-03-06T05:42:31.936+00:00,2026-03-06T05:42:31.936+00:00,69a9fbaa002d0e8b6634,null,null,2026-03-06T05:42:29.699+00:00,0,0,0,0,null
69ab063300106d9291b0,"[""read(\""user:69aaeaa6002c94f829dc\"")"",""update(\""user:69aaeaa6002c94f829dc\"")"",""delete(\""user:69aaeaa6002c94f829dc\"")""]",2026-03-06T16:52:03.602+00:00,2026-03-15T15:15:24.897+00:00,69aaeaa6002c94f829dc,null,null,2026-03-15T15:15:24.578+00:00,0,0,5100,0,null
69ace620002f598b3933,"[""read(\""user:69acddc1001c019ce4e3\"")"",""update(\""user:69acddc1001c019ce4e3\"")"",""delete(\""user:69acddc1001c019ce4e3\"")""]",2026-03-08T02:59:45.264+00:00,2026-03-08T02:59:45.264+00:00,69acddc1001c019ce4e3,null,null,2026-03-08T02:59:44.757+00:00,0,0,0,0,null
69ad41f2002085b97b0d,"[""read(\""user:69ad38f80027831401f4\"")"",""update(\""user:69ad38f80027831401f4\"")"",""delete(\""user:69ad38f80027831401f4\"")""]",2026-03-08T09:31:31.042+00:00,2026-03-08T09:31:31.042+00:00,69ad38f80027831401f4,null,null,2026-03-08T09:31:30.520+00:00,0,0,0,0,null
69aeb20a00109d78ae00,"[""read(\""user:69aeadc4003b6e2d68c1\"")"",""update(\""user:69aeadc4003b6e2d68c1\"")"",""delete(\""user:69aeadc4003b6e2d68c1\"")""]",2026-03-09T11:42:03.473+00:00,2026-03-09T11:42:03.473+00:00,69aeadc4003b6e2d68c1,null,null,2026-03-09T11:42:02.265+00:00,0,0,0,0,null
69b0458f000c5d4fbeb5,"[""read(\""user:69b04533000a7eee9354\"")"",""update(\""user:69b04533000a7eee9354\"")"",""delete(\""user:69b04533000a7eee9354\"")""]",2026-03-10T16:23:43.807+00:00,2026-03-10T16:23:43.807+00:00,69b04533000a7eee9354,null,null,2026-03-10T16:23:43.197+00:00,0,0,0,0,null
69b10407000b15efaabb,"[""read(\""user:6970a99700228a1fed87\"")"",""update(\""user:6970a99700228a1fed87\"")"",""delete(\""user:6970a99700228a1fed87\"")""]",2026-03-11T05:56:23.905+00:00,2026-03-11T12:32:40.259+00:00,6970a99700228a1fed87,null,null,2026-03-11T12:32:39.467+00:00,0,0,8500,0,null
69b80f9900306eff4faa,"[""read(\""user:69b6cacf002876c0e8f1\"")"",""update(\""user:69b6cacf002876c0e8f1\"")"",""delete(\""user:69b6cacf002876c0e8f1\"")""]",2026-03-16T14:11:38.243+00:00,2026-03-16T14:11:38.243+00:00,69b6cacf002876c0e8f1,null,null,2026-03-16T14:11:37.774+00:00,0,0,0,0,null
69c063cc00023b44aa07,"[""read(\""user:69c0612b0020bc4fda05\"")"",""update(\""user:69c0612b0020bc4fda05\"")"",""delete(\""user:69c0612b0020bc4fda05\"")""]",2026-03-22T21:49:00.396+00:00,2026-03-25T13:19:25.633+00:00,69c0612b0020bc4fda05,null,null,2026-03-25T13:19:25.540+00:00,18000,0,0,0,null
69c4452f0005ac347051,"[""read(\""user:69c444c5003d183210ff\"")"",""update(\""user:69c444c5003d183210ff\"")"",""delete(\""user:69c444c5003d183210ff\"")""]",2026-03-25T20:27:30.437+00:00,2026-03-25T20:27:30.437+00:00,69c444c5003d183210ff,null,null,2026-03-25T20:27:27.090+00:00,0,0,0,0,null
69ca324c002b2d431e93,"[""read(\""user:69710fd80009ebaa2792\"")"",""update(\""user:69710fd80009ebaa2792\"")"",""delete(\""user:69710fd80009ebaa2792\"")""]",2026-03-30T08:20:29.922+00:00,2026-03-30T08:20:29.922+00:00,69710fd80009ebaa2792,null,null,2026-03-30T08:20:28.690+00:00,0,0,0,0,null
69cad5620006515137fd,"[""read(\""user:69c5af2400191c1614bc\"")"",""update(\""user:69c5af2400191c1614bc\"")"",""delete(\""user:69c5af2400191c1614bc\"")""]",2026-03-30T19:56:21.250+00:00,2026-03-30T19:56:21.250+00:00,69c5af2400191c1614bc,null,null,2026-03-30T19:56:18.101+00:00,0,0,0,0,null
69cfe7230023c0cbab0b,"[""read(\""user:69cfe6cc002f9b54a351\"")"",""update(\""user:69cfe6cc002f9b54a351\"")"",""delete(\""user:69cfe6cc002f9b54a351\"")""]",2026-04-03T16:13:24.331+00:00,2026-04-03T16:13:24.331+00:00,69cfe6cc002f9b54a351,null,null,2026-04-03T16:13:23.572+00:00,0,0,0,0,null
69d14626001407731360,"[""read(\""user:69d145e00004427a4ced\"")"",""update(\""user:69d145e00004427a4ced\"")"",""delete(\""user:69d145e00004427a4ced\"")""]",2026-04-04T17:11:02.502+00:00,2026-04-04T17:11:02.502+00:00,69d145e00004427a4ced,null,null,2026-04-04T17:11:02.320+00:00,0,0,0,0,null
69d2317800300a58d09a,"[""read(\""user:6988ac66003d35c36e1c\"")"",""update(\""user:6988ac66003d35c36e1c\"")"",""delete(\""user:6988ac66003d35c36e1c\"")""]",2026-04-05T09:55:05.480+00:00,2026-05-02T17:50:06.006+00:00,6988ac66003d35c36e1c,null,null,2026-05-02T17:50:04.985+00:00,0,0,31040,0,null
69d391df000b712094b0,"[""read(\""user:69d391720004273071c8\"")"",""update(\""user:69d391720004273071c8\"")"",""delete(\""user:69d391720004273071c8\"")""]",2026-04-06T10:58:39.699+00:00,2026-04-06T10:58:39.699+00:00,69d391720004273071c8,null,null,2026-04-06T10:58:39.183+00:00,0,0,0,0,null
69e0a0f6001491fb42e5,"[""read(\""user:69e0a0cd0036733ae293\"")"",""update(\""user:69e0a0cd0036733ae293\"")"",""delete(\""user:69e0a0cd0036733ae293\"")""]",2026-04-16T08:42:30.651+00:00,2026-04-16T08:42:30.651+00:00,69e0a0cd0036733ae293,null,null,2026-04-16T08:42:30.329+00:00,0,0,0,0,null
69e0c68f002a9db62c6f,"[""read(\""user:69df665600206bb64f65\"")"",""update(\""user:69df665600206bb64f65\"")"",""delete(\""user:69df665600206bb64f65\"")""]",2026-04-16T11:22:57.968+00:00,2026-04-16T11:22:57.968+00:00,69df665600206bb64f65,null,null,2026-04-16T11:22:55.681+00:00,0,0,0,0,null
69e1ad150004a1624a13,"[""read(\""user:69e1acb10031bf47a1b2\"")"",""update(\""user:69e1acb10031bf47a1b2\"")"",""delete(\""user:69e1acb10031bf47a1b2\"")""]",2026-04-17T03:46:30.182+00:00,2026-04-17T16:19:29.797+00:00,69e1acb10031bf47a1b2,null,null,2026-04-17T05:46:29.074+00:00,0,0,0,0,null
69e25fae000c89f05142,,2026-04-17T16:28:30.295+00:00,2026-05-06T18:00:44.076+00:00,69e259b5002c78e11db6,null,null,2026-05-06T18:00:43.547+00:00,5135,0,5135,0,null
69f277d10025b4fee386,"[""read(\""user:69f277910019294238d1\"")"",""update(\""user:69f277910019294238d1\"")"",""delete(\""user:69f277910019294238d1\"")""]",2026-04-29T21:27:46.034+00:00,2026-04-29T21:27:46.034+00:00,69f277910019294238d1,null,null,2026-04-29T21:27:45.603+00:00,0,0,0,0,null
