$id,$permissions,$createdAt,$updatedAt,userId,walletId,type,amount,reference,description,status,createdAt,updatedAt,bookingId
68ebb63e0001ae532116,"[""read(\""user:68ebb60a002139d49bc4\"")"",""update(\""user:68ebb60a002139d49bc4\"")"",""delete(\""user:68ebb60a002139d49bc4\"")""]",2025-10-12T14:07:58.097+00:00,2025-10-12T14:09:03.875+00:00,68ebb60a002139d49bc4,68ebb6260032e932b968,topup_pending,100,wallet_topup_1760278077333_vxy6it,Wallet top-up,completed,2025-10-12T14:07:58.026+00:00,2025-10-12T14:09:03.794+00:00,null
68f5f1b2001e3dc44622,"[""read(\""user:68e77c6a001db71648a3\"")"",""update(\""user:68e77c6a001db71648a3\"")"",""delete(\""user:68e77c6a001db71648a3\"")""]",2025-10-20T08:24:18.635+00:00,2025-10-20T08:24:18.635+00:00,68e77c6a001db71648a3,68e78277003d63d2ab73,withdrawal_pending,-500,withdrawal_68e77c6a001db71648a3_1760948658084,Withdrawal to Moniepoint MFB - 8149249926,pending,2025-10-20T08:24:18.483+00:00,null,null
68fb40f20024d57c3297,"[""read(\""user:68fb407c0034b51fdc0d\"")"",""update(\""user:68fb407c0034b51fdc0d\"")"",""delete(\""user:68fb407c0034b51fdc0d\"")""]",2025-10-24T09:03:48.409+00:00,2025-10-24T09:25:12.903+00:00,68fb407c0034b51fdc0d,68fb40b20024104f549c,topup_pending,1000,wallet_topup_1761296623540_kg34qf,Wallet top-up,completed,2025-10-24T09:03:46.590+00:00,2025-10-24T09:25:12.813+00:00,null
690236070016c2e3b054,"[""read(\""user:68ebb60a002139d49bc4\"")"",""update(\""user:68ebb60a002139d49bc4\"")"",""delete(\""user:68ebb60a002139d49bc4\"")""]",2025-10-29T15:43:05.975+00:00,2025-10-29T15:43:05.975+00:00,68ebb60a002139d49bc4,68ebb6260032e932b968,payment,-94.5,wallet_payment_68ebb60a002139d49bc4_1761752579598,Payment for booking: Cleaning ,completed,2025-10-29T15:43:03.364+00:00,null,null
69023807002a6aaf0157,"[""read(\""user:68ebb60a002139d49bc4\"")"",""update(\""user:68ebb60a002139d49bc4\"")"",""delete(\""user:68ebb60a002139d49bc4\"")""]",2025-10-29T15:51:38.303+00:00,2025-10-29T15:51:38.303+00:00,68ebb81d002be0a44940,69023806000210685cf0,earnings_credit,8977,worker_earnings_68ebb81d002be0a44940_1761753094584,Payment released for booking #5a2da96d,completed,2025-10-29T15:51:35.679+00:00,null,null
690240b9003988ae1e75,"[""read(\""user:68ebb81d002be0a44940\"")"",""update(\""user:68ebb81d002be0a44940\"")"",""delete(\""user:68ebb81d002be0a44940\"")""]",2025-10-29T16:28:44.578+00:00,2025-10-29T16:28:44.578+00:00,68ebb81d002be0a44940,69023806000210685cf0,withdrawal,-100,withdrawal_68ebb81d002be0a44940_1761755317109,Withdrawal to Access Bank - 0058798127,processing,2025-10-29T16:28:41.921+00:00,null,null
6902464600239e9b2a01,"[""read(\""user:68e77c6a001db71648a3\"")"",""update(\""user:68e77c6a001db71648a3\"")"",""delete(\""user:68e77c6a001db71648a3\"")""]",2025-10-29T16:52:22.714+00:00,2025-10-29T16:56:32.318+00:00,68e77c6a001db71648a3,68e78277003d63d2ab73,topup_pending,100,wallet_topup_1761756741723_6k3nml,Wallet top-up,completed,2025-10-29T16:52:22.569+00:00,2025-10-29T16:56:32.154+00:00,null
690248ec001e6556670c,"[""read(\""user:68e77c6a001db71648a3\"")"",""update(\""user:68e77c6a001db71648a3\"")"",""delete(\""user:68e77c6a001db71648a3\"")""]",2025-10-29T17:03:40.715+00:00,2025-10-29T17:04:29.716+00:00,68e77c6a001db71648a3,68e78277003d63d2ab73,topup_pending,100,wallet_topup_1761757419652_fnny3s,Wallet top-up,completed,2025-10-29T17:03:40.486+00:00,2025-10-29T17:04:29.623+00:00,null
6902956200396ec6a115,"[""read(\""user:68ebb60a002139d49bc4\"")"",""update(\""user:68ebb60a002139d49bc4\"")"",""delete(\""user:68ebb60a002139d49bc4\"")""]",2025-10-29T22:11:19.986+00:00,2025-10-29T22:11:19.986+00:00,68ebb60a002139d49bc4,68ebb6260032e932b968,payment,-3.15,wallet_payment_68ebb60a002139d49bc4_1761776992102,Payment for booking: I need assistance fixing my kitchen shelf.,completed,2025-10-29T22:29:54.918+00:00,null,null
690295c7001c78e11d46,"[""read(\""user:68ebb60a002139d49bc4\"")"",""update(\""user:68ebb60a002139d49bc4\"")"",""delete(\""user:68ebb60a002139d49bc4\"")""]",2025-10-29T22:13:00.523+00:00,2025-10-29T22:13:00.523+00:00,690290b8001c8a977317,69029497002b82f70e36,earnings_credit,299,worker_earnings_690290b8001c8a977317_1761777094660,Payment released for booking #49548d99,completed,2025-10-29T22:31:35.455+00:00,null,null
690304b2000abdadbc83,"[""read(\""user:68e77c6a001db71648a3\"")"",""update(\""user:68e77c6a001db71648a3\"")"",""delete(\""user:68e77c6a001db71648a3\"")""]",2025-10-30T06:24:50.312+00:00,2025-10-30T06:24:50.312+00:00,68e77c6a001db71648a3,68e78277003d63d2ab73,payment,-105,wallet_payment_68e77c6a001db71648a3_1761805489127,Payment for booking: cleaning,completed,2025-10-30T06:24:50.171+00:00,null,null
690305c3001995179c80,"[""read(\""user:68e77c6a001db71648a3\"")"",""update(\""user:68e77c6a001db71648a3\"")"",""delete(\""user:68e77c6a001db71648a3\"")""]",2025-10-30T06:29:23.557+00:00,2025-10-30T06:29:23.557+00:00,68e77c6a001db71648a3,68e78277003d63d2ab73,payment,-105,wallet_payment_68e77c6a001db71648a3_1761805762434,Payment for booking: cleaning,completed,2025-10-30T06:29:23.409+00:00,null,null
69030619000c3057f832,"[""read(\""user:68e77c6a001db71648a3\"")"",""update(\""user:68e77c6a001db71648a3\"")"",""delete(\""user:68e77c6a001db71648a3\"")""]",2025-10-30T06:30:49.358+00:00,2025-10-30T06:30:49.358+00:00,68f0e60e001fd066f365,6902403c0015a4dab45f,earnings_credit,9975,worker_earnings_68f0e60e001fd066f365_1761805848883,Payment released for booking #fef9ff6d,completed,2025-10-30T06:30:49.195+00:00,null,null
topup_1761825954931_dxh04a,,2025-10-30T12:06:46.306+00:00,2025-10-30T12:06:46.306+00:00,68e77c6a001db71648a3,null,topup,100,topup_1761825954931_dxh04a,Wallet top-up via bank_transfer,completed,2025-10-30T12:06:46.148+00:00,null,null
hold_690358c3002489e1ee2f,"[""read(\""user:68e77c6a001db71648a3\"")"",""update(\""user:68e77c6a001db71648a3\"")"",""delete(\""user:68e77c6a001db71648a3\"")""]",2025-10-30T12:24:39.927+00:00,2025-10-30T12:24:39.927+00:00,68e77c6a001db71648a3,null,booking_hold,20,hold_690358c3002489e1ee2f,Payment held for booking #690358c3002489e1ee2f,completed,2025-10-30T12:24:39.660+00:00,null,690358c3002489e1ee2f
hold_69035c010013eb087d18,"[""read(\""user:68e77c6a001db71648a3\"")"",""update(\""user:68e77c6a001db71648a3\"")"",""delete(\""user:68e77c6a001db71648a3\"")""]",2025-10-30T12:37:22.168+00:00,2025-10-30T12:37:22.168+00:00,68e77c6a001db71648a3,null,booking_hold,25,hold_69035c010013eb087d18,Payment held for booking #69035c010013eb087d18,completed,2025-10-30T12:37:21.892+00:00,null,69035c010013eb087d18
release_69035c010013eb087d18,"[""read(\""user:68f0e60e001fd066f365\"")"",""update(\""user:68f0e60e001fd066f365\"")"",""delete(\""user:68f0e60e001fd066f365\"")""]",2025-10-30T12:37:46.601+00:00,2025-10-30T12:37:46.601+00:00,68f0e60e001fd066f365,null,booking_release,25,release_69035c010013eb087d18,Payment for booking #69035c010013eb087d18,completed,2025-10-30T12:37:46.368+00:00,null,69035c010013eb087d18
hold_690360f0000699c6538d,"[""read(\""user:68e77c6a001db71648a3\"")"",""update(\""user:68e77c6a001db71648a3\"")"",""delete(\""user:68e77c6a001db71648a3\"")""]",2025-10-30T12:58:25.241+00:00,2025-10-30T12:58:25.241+00:00,68e77c6a001db71648a3,null,booking_hold,30,hold_690360f0000699c6538d,Payment held for booking #690360f0000699c6538d,completed,2025-10-30T12:58:24.772+00:00,null,690360f0000699c6538d
release_690360f0000699c6538d,"[""read(\""user:68e77c6a001db71648a3\"")"",""update(\""user:68e77c6a001db71648a3\"")"",""delete(\""user:68e77c6a001db71648a3\"")""]",2025-10-30T12:59:04.602+00:00,2025-10-30T12:59:04.602+00:00,68f0e60e001fd066f365,null,booking_release,30,release_690360f0000699c6538d,Payment for booking #690360f0000699c6538d,completed,2025-10-30T12:59:04.076+00:00,null,690360f0000699c6538d
hold_69036dac001a04bf1d6c,"[""read(\""user:68e77c6a001db71648a3\"")"",""update(\""user:68e77c6a001db71648a3\"")"",""delete(\""user:68e77c6a001db71648a3\"")""]",2025-10-30T13:52:45.268+00:00,2025-10-30T13:52:45.268+00:00,68e77c6a001db71648a3,null,booking_hold,25,hold_69036dac001a04bf1d6c,Payment held for booking #69036dac001a04bf1d6c,completed,2025-10-30T13:52:45.020+00:00,null,69036dac001a04bf1d6c
release_69036dac001a04bf1d6c,"[""read(\""user:68e77c6a001db71648a3\"")"",""update(\""user:68e77c6a001db71648a3\"")"",""delete(\""user:68e77c6a001db71648a3\"")""]",2025-10-30T13:53:28.415+00:00,2025-10-30T13:53:28.415+00:00,68f0e60e001fd066f365,null,booking_release,25,release_69036dac001a04bf1d6c,Payment for booking #69036dac001a04bf1d6c,completed,2025-10-30T13:53:28.170+00:00,null,69036dac001a04bf1d6c
topup_1761832510345_8ywrey,,2025-10-30T13:56:54.223+00:00,2025-10-30T13:56:54.223+00:00,68e77c6a001db71648a3,null,topup,100,topup_1761832510345_8ywrey,Wallet top-up via bank_transfer,completed,2025-10-30T13:56:54.051+00:00,null,null
hold_69036ee40011b83dde79,"[""read(\""user:68e77c6a001db71648a3\"")"",""update(\""user:68e77c6a001db71648a3\"")"",""delete(\""user:68e77c6a001db71648a3\"")""]",2025-10-30T13:57:57.440+00:00,2025-10-30T13:57:57.440+00:00,68e77c6a001db71648a3,null,booking_hold,25,hold_69036ee40011b83dde79,Payment held for booking #69036ee40011b83dde79,completed,2025-10-30T13:57:57.159+00:00,null,69036ee40011b83dde79
release_69036ee40011b83dde79,"[""read(\""user:68e77c6a001db71648a3\"")"",""update(\""user:68e77c6a001db71648a3\"")"",""delete(\""user:68e77c6a001db71648a3\"")""]",2025-10-30T13:58:39.187+00:00,2025-10-30T13:58:39.187+00:00,68f0e60e001fd066f365,null,booking_release,25,release_69036ee40011b83dde79,Payment for booking #69036ee40011b83dde79,completed,2025-10-30T13:58:38.915+00:00,null,69036ee40011b83dde79
topup_1761861833662_dnfr2y,,2025-10-30T22:04:56.289+00:00,2025-10-30T22:04:56.289+00:00,68ebb60a002139d49bc4,null,topup,100,topup_1761861833662_dnfr2y,Wallet top-up via card,completed,2025-10-30T22:04:56.169+00:00,null,null
hold_6903e2230031dd35eb1b,"[""read(\""user:68ebb60a002139d49bc4\"")"",""update(\""user:68ebb60a002139d49bc4\"")"",""delete(\""user:68ebb60a002139d49bc4\"")""]",2025-10-30T22:09:42.241+00:00,2025-10-30T22:09:42.241+00:00,68ebb60a002139d49bc4,null,booking_hold,53,hold_6903e2230031dd35eb1b,Payment held for booking #6903e2230031dd35eb1b,completed,2025-10-30T22:09:40.298+00:00,null,6903e2230031dd35eb1b
release_6903e2230031dd35eb1b,"[""read(\""user:68ebb60a002139d49bc4\"")"",""update(\""user:68ebb60a002139d49bc4\"")"",""delete(\""user:68ebb60a002139d49bc4\"")""]",2025-10-30T22:12:06.218+00:00,2025-10-30T22:12:06.218+00:00,690290b8001c8a977317,null,booking_release,53,release_6903e2230031dd35eb1b,Payment for booking #6903e2230031dd35eb1b,completed,2025-10-30T22:12:04.308+00:00,null,6903e2230031dd35eb1b
hold_690fc581003cdcc74c66,"[""read(\""user:68e77c6a001db71648a3\"")"",""update(\""user:68e77c6a001db71648a3\"")"",""delete(\""user:68e77c6a001db71648a3\"")""]",2025-11-08T22:34:43.001+00:00,2025-11-08T22:34:43.001+00:00,68e77c6a001db71648a3,null,booking_hold,53,hold_690fc581003cdcc74c66,Payment held for booking #690fc581003cdcc74c66,completed,2025-11-08T22:34:42.699+00:00,null,690fc581003cdcc74c66
refund_690fc581003cdcc74c66,"[""read(\""user:68e784b0001333631a10\"")"",""update(\""user:68e784b0001333631a10\"")"",""delete(\""user:68e784b0001333631a10\"")""]",2025-11-08T22:37:07.144+00:00,2025-11-08T22:37:07.144+00:00,68e77c6a001db71648a3,null,booking_refund,53,refund_690fc581003cdcc74c66,Refund for cancelled booking #690fc581003cdcc74c66,completed,2025-11-08T22:37:06.936+00:00,null,690fc581003cdcc74c66
hold_6911a234000c3e97bfd3,"[""read(\""user:68e77c6a001db71648a3\"")"",""update(\""user:68e77c6a001db71648a3\"")"",""delete(\""user:68e77c6a001db71648a3\"")""]",2025-11-10T08:28:36.600+00:00,2025-11-10T08:28:36.600+00:00,68e77c6a001db71648a3,null,booking_hold,53,hold_6911a234000c3e97bfd3,Payment held for booking #6911a234000c3e97bfd3,completed,2025-11-10T08:28:36.479+00:00,null,6911a234000c3e97bfd3
6911a253002959147f35,"[""read(\""user:68e784b0001333631a10\"")"",""update(\""user:68e784b0001333631a10\"")"",""delete(\""user:68e784b0001333631a10\"")""]",2025-11-10T08:29:07.790+00:00,2025-11-10T08:29:07.790+00:00,68e77c6a001db71648a3,null,booking_refund,53,refund_6911a234000c3e97bfd3,Refund for cancelled booking #6911a234000c3e97bfd3,completed,2025-11-10T08:29:07.661+00:00,null,6911a234000c3e97bfd3
hold_6911a377001cf361aec2,"[""read(\""user:68e77c6a001db71648a3\"")"",""update(\""user:68e77c6a001db71648a3\"")"",""delete(\""user:68e77c6a001db71648a3\"")""]",2025-11-10T08:34:00.108+00:00,2025-11-10T08:34:00.108+00:00,68e77c6a001db71648a3,null,booking_hold,53,hold_6911a377001cf361aec2,Payment held for booking #6911a377001cf361aec2,completed,2025-11-10T08:33:59.864+00:00,null,6911a377001cf361aec2
6911a38b0037f74772e4,"[""read(\""user:68e784b0001333631a10\"")"",""update(\""user:68e784b0001333631a10\"")"",""delete(\""user:68e784b0001333631a10\"")""]",2025-11-10T08:34:20.017+00:00,2025-11-10T08:34:20.017+00:00,68e77c6a001db71648a3,null,booking_refund,53,refund_6911a377001cf361aec2,Refund for cancelled booking #6911a377001cf361aec2,completed,2025-11-10T08:34:19.895+00:00,null,6911a377001cf361aec2
hold_6911a3e0002ca9f979bb,"[""read(\""user:68e77c6a001db71648a3\"")"",""update(\""user:68e77c6a001db71648a3\"")"",""delete(\""user:68e77c6a001db71648a3\"")""]",2025-11-10T08:35:45.005+00:00,2025-11-10T08:35:45.005+00:00,68e77c6a001db71648a3,null,booking_hold,53,hold_6911a3e0002ca9f979bb,Payment held for booking #6911a3e0002ca9f979bb,completed,2025-11-10T08:35:44.879+00:00,null,6911a3e0002ca9f979bb
hold_6911ac5c000628f6104d,"[""read(\""user:68e77c6a001db71648a3\"")"",""update(\""user:68e77c6a001db71648a3\"")"",""delete(\""user:68e77c6a001db71648a3\"")""]",2025-11-10T09:11:56.997+00:00,2025-11-10T09:11:56.997+00:00,68e77c6a001db71648a3,null,booking_hold,105,hold_6911ac5c000628f6104d,Payment held for booking #6911ac5c000628f6104d,completed,2025-11-10T09:11:56.890+00:00,null,6911ac5c000628f6104d
hold_6911af91002397cfe09d,"[""read(\""user:68e77c6a001db71648a3\"")"",""update(\""user:68e77c6a001db71648a3\"")"",""delete(\""user:68e77c6a001db71648a3\"")""]",2025-11-10T09:25:37.939+00:00,2025-11-10T09:25:37.939+00:00,68e77c6a001db71648a3,null,booking_hold,21,hold_6911af91002397cfe09d,Payment held for booking #6911af91002397cfe09d,completed,2025-11-10T09:25:37.836+00:00,null,6911af91002397cfe09d
hold_6911b26f00287b221f07,"[""read(\""user:68e77c6a001db71648a3\"")"",""update(\""user:68e77c6a001db71648a3\"")"",""delete(\""user:68e77c6a001db71648a3\"")""]",2025-11-10T09:37:52.026+00:00,2025-11-10T09:37:52.026+00:00,68e77c6a001db71648a3,null,booking_hold,21,hold_6911b26f00287b221f07,Payment held for booking #6911b26f00287b221f07,completed,2025-11-10T09:37:51.930+00:00,null,6911b26f00287b221f07
hold_6911b42600003577b870,"[""read(\""user:68e77c6a001db71648a3\"")"",""update(\""user:68e77c6a001db71648a3\"")"",""delete(\""user:68e77c6a001db71648a3\"")""]",2025-11-10T09:45:10.237+00:00,2025-11-10T09:45:10.237+00:00,68e77c6a001db71648a3,null,booking_hold,42,hold_6911b42600003577b870,Payment held for booking #6911b42600003577b870,completed,2025-11-10T09:45:10.154+00:00,null,6911b42600003577b870
hold_6911b5d7001204d2ed95,"[""read(\""user:68e77c6a001db71648a3\"")"",""update(\""user:68e77c6a001db71648a3\"")"",""delete(\""user:68e77c6a001db71648a3\"")""]",2025-11-10T09:52:23.622+00:00,2025-11-10T09:52:23.622+00:00,68e77c6a001db71648a3,null,booking_hold,21,hold_6911b5d7001204d2ed95,Payment held for booking #6911b5d7001204d2ed95,completed,2025-11-10T09:52:23.478+00:00,null,6911b5d7001204d2ed95
release_6911b5d7001204d2ed95,"[""read(\""user:68e77c6a001db71648a3\"")"",""update(\""user:68e77c6a001db71648a3\"")"",""delete(\""user:68e77c6a001db71648a3\"")""]",2025-11-10T10:10:23.401+00:00,2025-11-10T10:10:23.401+00:00,68e784b0001333631a10,null,booking_release,21,release_6911b5d7001204d2ed95,Payment for booking #6911b5d7001204d2ed95,completed,2025-11-10T10:10:23.255+00:00,null,6911b5d7001204d2ed95
hold_6911ba300026f96f9bc0,"[""read(\""user:68e77c6a001db71648a3\"")"",""update(\""user:68e77c6a001db71648a3\"")"",""delete(\""user:68e77c6a001db71648a3\"")""]",2025-11-10T10:10:56.952+00:00,2025-11-10T10:10:56.952+00:00,68e77c6a001db71648a3,null,booking_hold,21,hold_6911ba300026f96f9bc0,Payment held for booking #6911ba300026f96f9bc0,completed,2025-11-10T10:10:56.805+00:00,null,6911ba300026f96f9bc0
release_6911ba300026f96f9bc0,"[""read(\""user:686ddc500016babd12a3\"")"",""update(\""user:686ddc500016babd12a3\"")"",""delete(\""user:686ddc500016babd12a3\"")""]",2025-11-10T10:12:41.686+00:00,2025-11-10T10:12:41.686+00:00,68e784b0001333631a10,null,booking_release,21,release_6911ba300026f96f9bc0,Payment for booking #6911ba300026f96f9bc0,completed,2025-11-10T10:12:41.532+00:00,null,6911ba300026f96f9bc0
hold_6911bad800089657a32d,"[""read(\""user:68e77c6a001db71648a3\"")"",""update(\""user:68e77c6a001db71648a3\"")"",""delete(\""user:68e77c6a001db71648a3\"")""]",2025-11-10T10:13:44.495+00:00,2025-11-10T10:13:44.495+00:00,68e77c6a001db71648a3,null,booking_hold,21,hold_6911bad800089657a32d,Payment held for booking #6911bad800089657a32d,completed,2025-11-10T10:13:44.322+00:00,null,6911bad800089657a32d
refund_6911bad800089657a32d,"[""read(\""user:686ddc500016babd12a3\"")"",""update(\""user:686ddc500016babd12a3\"")"",""delete(\""user:686ddc500016babd12a3\"")""]",2025-11-10T10:14:48.408+00:00,2025-11-10T10:14:48.408+00:00,68e77c6a001db71648a3,null,booking_refund,21,refund_6911bad800089657a32d,Refund for cancelled booking #6911bad800089657a32d,completed,2025-11-10T10:14:48.257+00:00,null,6911bad800089657a32d
hold_69137dda00135daf6073,"[""read(\""user:68fb407c0034b51fdc0d\"")"",""update(\""user:68fb407c0034b51fdc0d\"")"",""delete(\""user:68fb407c0034b51fdc0d\"")""]",2025-11-11T18:18:04.646+00:00,2025-11-11T18:18:04.646+00:00,68fb407c0034b51fdc0d,null,booking_hold,525,hold_69137dda00135daf6073,Payment held for booking #69137dda00135daf6073,completed,2025-11-11T18:18:02.915+00:00,null,69137dda00135daf6073
hold_69138353003045f7d20a,"[""read(\""user:68ebb60a002139d49bc4\"")"",""update(\""user:68ebb60a002139d49bc4\"")"",""delete(\""user:68ebb60a002139d49bc4\"")""]",2025-11-11T18:41:25.495+00:00,2025-11-11T18:41:25.495+00:00,68ebb60a002139d49bc4,null,booking_hold,21,hold_69138353003045f7d20a,Payment held for booking #69138353003045f7d20a,completed,2025-11-11T18:41:24.751+00:00,null,69138353003045f7d20a
refund_69138353003045f7d20a,"[""read(\""user:686ddc500016babd12a3\"")"",""update(\""user:686ddc500016babd12a3\"")"",""delete(\""user:686ddc500016babd12a3\"")""]",2025-11-13T16:42:58.658+00:00,2025-11-13T16:42:58.658+00:00,68ebb60a002139d49bc4,null,booking_refund,21,refund_69138353003045f7d20a,Refund for cancelled booking #69138353003045f7d20a,completed,2025-11-13T16:43:03.165+00:00,null,69138353003045f7d20a
hold_691878bc0035d69d1a8b,"[""read(\""user:68e77c6a001db71648a3\"")"",""update(\""user:68e77c6a001db71648a3\"")"",""delete(\""user:68e77c6a001db71648a3\"")""]",2025-11-15T12:57:33.251+00:00,2025-11-15T12:57:33.251+00:00,68e77c6a001db71648a3,null,booking_hold,21,hold_691878bc0035d69d1a8b,Payment held for booking #691878bc0035d69d1a8b,completed,2025-11-15T12:57:33.023+00:00,null,691878bc0035d69d1a8b
topup_1763220994961_wl4ylk,,2025-11-15T15:38:09.058+00:00,2025-11-15T15:38:09.058+00:00,68ebb60a002139d49bc4,null,topup,100,topup_1763220994961_wl4ylk,Wallet top-up via card,completed,2025-11-15T15:38:08.881+00:00,null,null
hold_69189f2200030d6f7823,"[""read(\""user:68ebb60a002139d49bc4\"")"",""update(\""user:68ebb60a002139d49bc4\"")"",""delete(\""user:68ebb60a002139d49bc4\"")""]",2025-11-15T15:41:23.355+00:00,2025-11-15T15:41:23.355+00:00,68ebb60a002139d49bc4,null,booking_hold,84,hold_69189f2200030d6f7823,Payment held for booking #69189f2200030d6f7823,completed,2025-11-15T15:41:22.858+00:00,null,69189f2200030d6f7823
release_69189f2200030d6f7823,"[""read(\""user:68ebb60a002139d49bc4\"")"",""update(\""user:68ebb60a002139d49bc4\"")"",""delete(\""user:68ebb60a002139d49bc4\"")""]",2025-11-15T15:44:53.319+00:00,2025-11-15T15:44:53.319+00:00,690290b8001c8a977317,null,booking_release,84,release_69189f2200030d6f7823,Payment for booking #69189f2200030d6f7823,completed,2025-11-15T15:44:52.838+00:00,null,69189f2200030d6f7823
hold_691918a600086e7667b9,"[""read(\""user:68e77c6a001db71648a3\"")"",""update(\""user:68e77c6a001db71648a3\"")"",""delete(\""user:68e77c6a001db71648a3\"")""]",2025-11-16T00:19:50.483+00:00,2025-11-16T00:19:50.483+00:00,68e77c6a001db71648a3,null,booking_hold,63,hold_691918a600086e7667b9,Payment held for booking #691918a600086e7667b9,completed,2025-11-16T00:19:50.349+00:00,null,691918a600086e7667b9
refund_691878bc0035d69d1a8b,"[""read(\""user:68e77c6a001db71648a3\"")"",""update(\""user:68e77c6a001db71648a3\"")"",""delete(\""user:68e77c6a001db71648a3\"")""]",2025-11-16T00:28:00.188+00:00,2025-11-16T00:28:00.188+00:00,68e77c6a001db71648a3,null,booking_refund,21,refund_691878bc0035d69d1a8b,Refund for cancelled booking #691878bc0035d69d1a8b,completed,2025-11-16T00:28:00.058+00:00,null,691878bc0035d69d1a8b
release_691918a600086e7667b9,"[""read(\""user:68e77c6a001db71648a3\"")"",""update(\""user:68e77c6a001db71648a3\"")"",""delete(\""user:68e77c6a001db71648a3\"")""]",2025-11-16T00:30:47.480+00:00,2025-11-16T00:30:47.480+00:00,68e784b0001333631a10,null,booking_release,54,release_691918a600086e7667b9,Payment for booking #691918a600086e7667b9 (after 15% commission),completed,2025-11-16T00:30:47.341+00:00,null,691918a600086e7667b9
commission_691918a600086e7667b9,"[""read(\""user:68e77c6a001db71648a3\"")"",""update(\""user:68e77c6a001db71648a3\"")"",""delete(\""user:68e77c6a001db71648a3\"")""]",2025-11-16T00:30:47.562+00:00,2025-11-16T00:30:47.562+00:00,platform,null,commission,9,commission_691918a600086e7667b9,Platform commission (15%) for booking #691918a600086e7667b9,completed,2025-11-16T00:30:47.482+00:00,null,691918a600086e7667b9
hold_691b1bcd001e4a47fdcd,"[""read(\""user:68e77c6a001db71648a3\"")"",""update(\""user:68e77c6a001db71648a3\"")"",""delete(\""user:68e77c6a001db71648a3\"")""]",2025-11-17T12:57:49.884+00:00,2025-11-17T12:57:49.884+00:00,68e77c6a001db71648a3,null,booking_hold,21,hold_691b1bcd001e4a47fdcd,Payment held for booking #691b1bcd001e4a47fdcd,completed,2025-11-17T12:57:49.741+00:00,null,691b1bcd001e4a47fdcd
refund_691b1bcd001e4a47fdcd,"[""read(\""user:68e77c6a001db71648a3\"")"",""update(\""user:68e77c6a001db71648a3\"")"",""delete(\""user:68e77c6a001db71648a3\"")""]",2025-11-17T13:01:24.070+00:00,2025-11-17T13:01:24.070+00:00,68e77c6a001db71648a3,null,booking_refund,21,refund_691b1bcd001e4a47fdcd,Refund for cancelled booking #691b1bcd001e4a47fdcd,completed,2025-11-17T13:01:23.924+00:00,null,691b1bcd001e4a47fdcd
hold_691b1cc0003bbdd55f10,"[""read(\""user:68e77c6a001db71648a3\"")"",""update(\""user:68e77c6a001db71648a3\"")"",""delete(\""user:68e77c6a001db71648a3\"")""]",2025-11-17T13:01:53.387+00:00,2025-11-17T13:01:53.387+00:00,68e77c6a001db71648a3,null,booking_hold,21,hold_691b1cc0003bbdd55f10,Payment held for booking #691b1cc0003bbdd55f10,completed,2025-11-17T13:01:53.239+00:00,null,691b1cc0003bbdd55f10
refund_691b1cc0003bbdd55f10,"[""read(\""user:68e77c6a001db71648a3\"")"",""update(\""user:68e77c6a001db71648a3\"")"",""delete(\""user:68e77c6a001db71648a3\"")""]",2025-11-17T13:09:41.255+00:00,2025-11-17T13:09:41.255+00:00,68e77c6a001db71648a3,null,booking_refund,21,refund_691b1cc0003bbdd55f10,Refund for cancelled booking #691b1cc0003bbdd55f10,completed,2025-11-17T13:09:41.144+00:00,null,691b1cc0003bbdd55f10
hold_691ba406003a6f075f4a,,2025-11-17T22:39:03.438+00:00,2025-11-17T22:39:03.438+00:00,68ebb60a002139d49bc4,null,booking_hold,63,hold_691ba406003a6f075f4a,Payment held for booking #691ba406003a6f075f4a,completed,2025-11-17T22:39:03.455+00:00,null,691ba406003a6f075f4a
refund_691ba406003a6f075f4a,"[""read(\""user:690290b8001c8a977317\"")"",""update(\""user:690290b8001c8a977317\"")"",""delete(\""user:690290b8001c8a977317\"")""]",2025-11-17T22:41:42.356+00:00,2025-11-17T22:41:42.356+00:00,68ebb60a002139d49bc4,null,booking_refund,63,refund_691ba406003a6f075f4a,Refund for cancelled booking #691ba406003a6f075f4a,completed,2025-11-17T22:41:42.366+00:00,null,691ba406003a6f075f4a
topup_1764541798483_7q4ypv,,2025-11-30T22:30:38.487+00:00,2025-11-30T22:30:38.487+00:00,692cc50f001fd63374f2,null,topup,500,topup_1764541798483_7q4ypv,Wallet top-up via bank,completed,2025-11-30T22:30:38.329+00:00,null,null
hold_6954f76b003cfd4e76cf,,2025-12-31T10:14:04.262+00:00,2025-12-31T10:14:04.262+00:00,68e77c6a001db71648a3,null,booking_hold,50,hold_6954f76b003cfd4e76cf,Payment held for booking #6954f76b003cfd4e76cf,completed,2025-12-31T10:14:04.173+00:00,null,6954f76b003cfd4e76cf
hold_6954f7ed001985f8914c,,2025-12-31T10:16:13.997+00:00,2025-12-31T10:16:13.997+00:00,68e77c6a001db71648a3,null,booking_hold,50,hold_6954f7ed001985f8914c,Payment held for booking #6954f7ed001985f8914c,completed,2025-12-31T10:16:13.892+00:00,null,6954f7ed001985f8914c
hold_6954f7f7000888ca7edb,,2025-12-31T10:16:23.508+00:00,2025-12-31T10:16:23.508+00:00,68e77c6a001db71648a3,null,booking_hold,50,hold_6954f7f7000888ca7edb,Payment held for booking #6954f7f7000888ca7edb,completed,2025-12-31T10:16:23.397+00:00,null,6954f7f7000888ca7edb
hold_6954fd940003c2296471,,2025-12-31T10:40:20.333+00:00,2025-12-31T10:40:20.333+00:00,68e77c6a001db71648a3,null,booking_hold,50,hold_6954fd940003c2296471,Payment held for booking #6954fd940003c2296471,completed,2025-12-31T10:40:20.268+00:00,null,6954fd940003c2296471
hold_6958e5d1002c5b7aa2e8,,2026-01-03T09:48:01.996+00:00,2026-01-03T09:48:01.996+00:00,68ebb60a002139d49bc4,null,booking_hold,50,hold_6958e5d1002c5b7aa2e8,Payment held for booking #6958e5d1002c5b7aa2e8,completed,2026-01-03T09:48:01.923+00:00,null,6958e5d1002c5b7aa2e8
topup_1767434239068_6iw9hz,,2026-01-03T09:58:44.620+00:00,2026-01-03T09:58:44.620+00:00,6958e7ab0003e94ab97a,null,topup,100,topup_1767434239068_6iw9hz,Wallet top-up via bank_transfer,completed,2026-01-03T09:58:44.470+00:00,null,null
hold_6958e8a80026a75fc6a2,,2026-01-03T10:00:08.985+00:00,2026-01-03T10:00:08.985+00:00,6958e7ab0003e94ab97a,null,booking_hold,50,hold_6958e8a80026a75fc6a2,Payment held for booking #6958e8a80026a75fc6a2,completed,2026-01-03T10:00:08.930+00:00,null,6958e8a80026a75fc6a2
refund_6958e8a80026a75fc6a2,"[""read(\""user:686ddc500016babd12a3\"")"",""update(\""user:686ddc500016babd12a3\"")"",""delete(\""user:686ddc500016babd12a3\"")""]",2026-01-03T10:28:49.554+00:00,2026-01-03T10:28:49.554+00:00,6958e7ab0003e94ab97a,null,booking_refund,null,refund_6958e8a80026a75fc6a2,Refund for cancelled booking #6958e8a80026a75fc6a2,completed,2026-01-03T10:28:49.427+00:00,null,6958e8a80026a75fc6a2
hold_6958f2e5000b1dd5462c,,2026-01-03T10:43:49.439+00:00,2026-01-03T10:43:49.439+00:00,6958e7ab0003e94ab97a,null,booking_hold,50,hold_6958f2e5000b1dd5462c,Payment held for booking #6958f2e5000b1dd5462c,completed,2026-01-03T10:43:49.370+00:00,null,6958f2e5000b1dd5462c
release_6958f2e5000b1dd5462c,"[""read(\""user:6958e7ab0003e94ab97a\"")"",""update(\""user:6958e7ab0003e94ab97a\"")"",""delete(\""user:6958e7ab0003e94ab97a\"")""]",2026-01-03T10:44:45.193+00:00,2026-01-03T10:44:45.193+00:00,6958e3cc002fef6e48fc,null,booking_release,42,release_6958f2e5000b1dd5462c,Payment for booking #6958f2e5000b1dd5462c (after 15% commission),completed,2026-01-03T10:44:45.050+00:00,null,6958f2e5000b1dd5462c
commission_6958f2e5000b1dd5462c,"[""read(\""user:6958e7ab0003e94ab97a\"")"",""update(\""user:6958e7ab0003e94ab97a\"")"",""delete(\""user:6958e7ab0003e94ab97a\"")""]",2026-01-03T10:44:45.278+00:00,2026-01-03T10:44:45.278+00:00,platform,null,commission,8,commission_6958f2e5000b1dd5462c,Platform commission (15%) for booking #6958f2e5000b1dd5462c,completed,2026-01-03T10:44:45.209+00:00,null,6958f2e5000b1dd5462c
topup_1767437149396_bit2zn,,2026-01-03T10:46:33.108+00:00,2026-01-03T10:46:33.108+00:00,6958e7ab0003e94ab97a,null,topup,100,topup_1767437149396_bit2zn,Wallet top-up via bank_transfer,completed,2026-01-03T10:46:32.979+00:00,null,null
hold_6958f3de00071792c861,,2026-01-03T10:47:58.347+00:00,2026-01-03T10:47:58.347+00:00,6958e7ab0003e94ab97a,null,booking_hold,20,hold_6958f3de00071792c861,Payment held for booking #6958f3de00071792c861,completed,2026-01-03T10:47:58.284+00:00,null,6958f3de00071792c861
refund_6958f3de00071792c861,"[""read(\""user:686ddc500016babd12a3\"")"",""update(\""user:686ddc500016babd12a3\"")"",""delete(\""user:686ddc500016babd12a3\"")""]",2026-01-03T10:49:14.016+00:00,2026-01-03T10:49:14.016+00:00,6958e7ab0003e94ab97a,null,booking_refund,20,refund_6958f3de00071792c861,Refund for cancelled booking #6958f3de00071792c861,completed,2026-01-03T10:49:13.944+00:00,null,6958f3de00071792c861
topup_1767708772020_tt6bye,,2026-01-06T14:13:49.916+00:00,2026-01-06T14:13:49.916+00:00,691a0bf70003223f1654,null,topup,1000,topup_1767708772020_tt6bye,Wallet top-up via bank_transfer,completed,2026-01-06T14:13:49.688+00:00,null,null
topup_1767763878390_pdxa0e,,2026-01-07T05:32:03.113+00:00,2026-01-07T05:32:03.113+00:00,68e77c6a001db71648a3,null,topup,100,topup_1767763878390_pdxa0e,Wallet top-up via bank_transfer,completed,2026-01-07T05:32:02.907+00:00,null,null
hold_695df6c9002b739c6ba1,,2026-01-07T06:01:45.963+00:00,2026-01-07T06:01:45.963+00:00,6958e7ab0003e94ab97a,null,booking_hold,20,hold_695df6c9002b739c6ba1,Payment held for booking #695df6c9002b739c6ba1,completed,2026-01-07T06:01:45.833+00:00,null,695df6c9002b739c6ba1
topup_1768296271313_azfokq,,2026-01-13T09:25:26.303+00:00,2026-01-13T09:25:26.303+00:00,691a0bf70003223f1654,null,topup,29000,topup_1768296271313_azfokq,Wallet top-up via bank_transfer,completed,2026-01-13T09:25:26.209+00:00,null,null
hold_69660fa400369fc5a4cb,,2026-01-13T09:25:57.115+00:00,2026-01-13T09:25:57.115+00:00,691a0bf70003223f1654,null,booking_hold,30000,hold_69660fa400369fc5a4cb,Payment held for booking #69660fa400369fc5a4cb,completed,2026-01-13T09:25:57.036+00:00,null,69660fa400369fc5a4cb
topup_1768505304486_r5ccf4,,2026-01-15T19:29:24.340+00:00,2026-01-15T19:29:24.340+00:00,68e77c6a001db71648a3,null,topup,100,topup_1768505304486_r5ccf4,Wallet top-up via bank_transfer,completed,2026-01-15T19:29:24.230+00:00,null,null
topup_1768600455844_m9g5zq,,2026-01-16T21:57:37.322+00:00,2026-01-16T21:57:37.322+00:00,696a671500050b1448fa,null,topup,5000,topup_1768600455844_m9g5zq,Wallet top-up via bank_transfer,completed,2026-01-16T21:57:37.218+00:00,null,null
hold_696ab4aa002dcaea9341,,2026-01-16T21:59:06.990+00:00,2026-01-16T21:59:06.990+00:00,696a671500050b1448fa,null,booking_hold,5000,hold_696ab4aa002dcaea9341,Payment held for booking #696ab4aa002dcaea9341,completed,2026-01-16T21:59:06.911+00:00,null,696ab4aa002dcaea9341
refund_696ab4aa002dcaea9341,,2026-01-17T10:42:14.965+00:00,2026-01-17T10:42:14.965+00:00,696a671500050b1448fa,null,booking_refund,null,refund_696ab4aa002dcaea9341,Refund for cancelled booking #696ab4aa002dcaea9341,completed,2026-01-17T10:42:14.880+00:00,null,696ab4aa002dcaea9341
topup_1768646914256_u434rj,,2026-01-17T10:49:41.799+00:00,2026-01-17T10:49:41.799+00:00,696a671500050b1448fa,null,topup,5000,topup_1768646914256_u434rj,Wallet top-up via bank_transfer,completed,2026-01-17T10:49:41.721+00:00,null,null
hold_696b6f4c002d32ab0eab,,2026-01-17T11:15:25.070+00:00,2026-01-17T11:15:25.070+00:00,68e77c6a001db71648a3,null,booking_hold,100,hold_696b6f4c002d32ab0eab,Payment held for booking #696b6f4c002d32ab0eab,completed,2026-01-17T11:15:24.931+00:00,null,696b6f4c002d32ab0eab
refund_696b6f4c002d32ab0eab,,2026-01-17T11:15:41.613+00:00,2026-01-17T11:15:41.613+00:00,68e77c6a001db71648a3,null,booking_refund,100,refund_696b6f4c002d32ab0eab,Refund for cancelled booking #696b6f4c002d32ab0eab,completed,2026-01-17T11:15:41.496+00:00,null,696b6f4c002d32ab0eab
hold_696b70770027ec051866,,2026-01-17T11:20:23.976+00:00,2026-01-17T11:20:23.976+00:00,68e77c6a001db71648a3,null,booking_hold,50,hold_696b70770027ec051866,Payment held for booking #696b70770027ec051866,completed,2026-01-17T11:20:23.868+00:00,null,696b70770027ec051866
refund_696b70770027ec051866,,2026-01-17T11:20:33.266+00:00,2026-01-17T11:20:33.266+00:00,68e77c6a001db71648a3,null,booking_refund,50,refund_696b70770027ec051866,Refund for cancelled booking #696b70770027ec051866,completed,2026-01-17T11:20:33.086+00:00,null,696b70770027ec051866
hold_696b7341000351edf128,,2026-01-17T11:32:17.444+00:00,2026-01-17T11:32:17.444+00:00,68e77c6a001db71648a3,null,booking_hold,100,hold_696b7341000351edf128,Payment held for booking #696b7341000351edf128,completed,2026-01-17T11:32:17.217+00:00,null,696b7341000351edf128
refund_696b7341000351edf128,,2026-01-17T11:32:30.795+00:00,2026-01-17T11:32:30.795+00:00,68e77c6a001db71648a3,null,booking_refund,100,refund_696b7341000351edf128,Refund for cancelled booking #696b7341000351edf128,completed,2026-01-17T11:32:30.674+00:00,null,696b7341000351edf128
hold_696b742c0016d38b0f99,,2026-01-17T11:36:12.624+00:00,2026-01-17T11:36:12.624+00:00,696a671500050b1448fa,null,booking_hold,5000,hold_696b742c0016d38b0f99,Payment held for booking #696b742c0016d38b0f99,completed,2026-01-17T11:36:12.512+00:00,null,696b742c0016d38b0f99
refund_69660fa400369fc5a4cb,,2026-01-17T22:44:36.934+00:00,2026-01-17T22:44:36.934+00:00,691a0bf70003223f1654,null,booking_refund,30000,refund_69660fa400369fc5a4cb,Refund for cancelled booking #69660fa400369fc5a4cb,completed,2026-01-17T22:44:36.834+00:00,null,69660fa400369fc5a4cb
hold_696c2607003894680ab2,,2026-01-18T00:15:04.192+00:00,2026-01-18T00:15:04.192+00:00,68e77c6a001db71648a3,null,booking_hold,50,hold_696c2607003894680ab2,Payment held for booking #696c2607003894680ab2,completed,2026-01-18T00:15:04.089+00:00,null,696c2607003894680ab2
refund_696c2607003894680ab2,,2026-01-18T00:39:27.327+00:00,2026-01-18T00:39:27.327+00:00,68e77c6a001db71648a3,null,booking_refund,50,refund_696c2607003894680ab2,Refund for cancelled booking #696c2607003894680ab2,completed,2026-01-18T00:39:27.234+00:00,null,696c2607003894680ab2
hold_696c2c3d0016888e0512,,2026-01-18T00:41:33.684+00:00,2026-01-18T00:41:33.684+00:00,68e77c6a001db71648a3,null,booking_hold,50,hold_696c2c3d0016888e0512,Payment held for booking #696c2c3d0016888e0512,completed,2026-01-18T00:41:33.574+00:00,null,696c2c3d0016888e0512
refund_696c2c3d0016888e0512,,2026-01-18T00:54:45.674+00:00,2026-01-18T00:54:45.674+00:00,68e77c6a001db71648a3,null,booking_refund,50,refund_696c2c3d0016888e0512,Refund for cancelled booking #696c2c3d0016888e0512,completed,2026-01-18T00:54:45.436+00:00,null,696c2c3d0016888e0512
hold_696c2fa4002befd268fb,,2026-01-18T00:56:04.996+00:00,2026-01-18T00:56:04.996+00:00,68e77c6a001db71648a3,null,booking_hold,20,hold_696c2fa4002befd268fb,Payment held for booking #696c2fa4002befd268fb,completed,2026-01-18T00:56:04.871+00:00,null,696c2fa4002befd268fb
release_696c2fa4002befd268fb,,2026-01-18T01:01:39.097+00:00,2026-01-18T01:01:39.097+00:00,6958e3cc002fef6e48fc,null,booking_release,17,release_696c2fa4002befd268fb,Payment for booking #696c2fa4002befd268fb (after 15% commission),completed,2026-01-18T01:01:39.044+00:00,null,696c2fa4002befd268fb
commission_696c2fa4002befd268fb,,2026-01-18T01:01:39.191+00:00,2026-01-18T01:01:39.191+00:00,platform,null,commission,3,commission_696c2fa4002befd268fb,Platform commission (15%) for booking #696c2fa4002befd268fb,completed,2026-01-18T01:01:39.132+00:00,null,696c2fa4002befd268fb
hold_696d3409000622c69870,,2026-01-18T19:27:05.339+00:00,2026-01-18T19:27:05.339+00:00,68e77c6a001db71648a3,null,booking_hold,50,hold_696d3409000622c69870,Payment held for booking #696d3409000622c69870,completed,2026-01-18T19:27:05.261+00:00,null,696d3409000622c69870
hold_696d36a1000bbcc3cf8b,,2026-01-18T19:38:09.449+00:00,2026-01-18T19:38:09.449+00:00,68e77c6a001db71648a3,null,booking_hold,20,hold_696d36a1000bbcc3cf8b,Payment held for booking #696d36a1000bbcc3cf8b,completed,2026-01-18T19:38:09.358+00:00,null,696d36a1000bbcc3cf8b
release_696d36a1000bbcc3cf8b,,2026-01-18T19:50:05.130+00:00,2026-01-18T19:50:05.130+00:00,691da5af0007029c24fb,null,booking_release,17,release_696d36a1000bbcc3cf8b,Payment for booking #696d36a1000bbcc3cf8b (after 15% commission),completed,2026-01-18T19:50:05.052+00:00,null,696d36a1000bbcc3cf8b
commission_696d36a1000bbcc3cf8b,,2026-01-18T19:50:05.272+00:00,2026-01-18T19:50:05.272+00:00,platform,null,commission,3,commission_696d36a1000bbcc3cf8b,Platform commission (15%) for booking #696d36a1000bbcc3cf8b,completed,2026-01-18T19:50:05.196+00:00,null,696d36a1000bbcc3cf8b
release_696d3409000622c69870,,2026-01-18T19:50:19.071+00:00,2026-01-18T19:50:19.071+00:00,69136eef00305787cfed,null,booking_release,42,release_696d3409000622c69870,Payment for booking #696d3409000622c69870 (after 15% commission),completed,2026-01-18T19:50:18.988+00:00,null,696d3409000622c69870
commission_696d3409000622c69870,,2026-01-18T19:50:19.231+00:00,2026-01-18T19:50:19.231+00:00,platform,null,commission,8,commission_696d3409000622c69870,Platform commission (15%) for booking #696d3409000622c69870,completed,2026-01-18T19:50:19.143+00:00,null,696d3409000622c69870
topup_1768989688409_x9hnb9,,2026-01-21T10:02:05.678+00:00,2026-01-21T10:02:05.678+00:00,697090ba0038ab11f821,null,topup,7000,topup_1768989688409_x9hnb9,Wallet top-up via bank,completed,2026-01-21T10:02:05.581+00:00,null,null
hold_6970a4300011a24c586e,,2026-01-21T10:02:24.525+00:00,2026-01-21T10:02:24.525+00:00,697090ba0038ab11f821,null,booking_hold,7000,hold_6970a4300011a24c586e,Payment held for booking #6970a4300011a24c586e,completed,2026-01-21T10:02:24.448+00:00,null,6970a4300011a24c586e
topup_1768990012417_go3aip,,2026-01-21T10:07:25.710+00:00,2026-01-21T10:07:25.710+00:00,697090ba0038ab11f821,null,topup,1000,topup_1768990012417_go3aip,Wallet top-up via bank,completed,2026-01-21T10:07:25.574+00:00,null,null
hold_697108b10012c98dbb3a,,2026-01-21T17:11:13.568+00:00,2026-01-21T17:11:13.568+00:00,68e77c6a001db71648a3,null,booking_hold,20,hold_697108b10012c98dbb3a,Payment held for booking #697108b10012c98dbb3a,completed,2026-01-21T17:11:13.470+00:00,null,697108b10012c98dbb3a
hold_697116160006e7081b24,,2026-01-21T18:08:22.373+00:00,2026-01-21T18:08:22.373+00:00,68e77c6a001db71648a3,null,booking_hold,10,hold_697116160006e7081b24,Payment held for booking #697116160006e7081b24,completed,2026-01-21T18:08:22.281+00:00,null,697116160006e7081b24
release_697116160006e7081b24,,2026-01-21T18:12:18.838+00:00,2026-01-21T18:12:18.838+00:00,6958e3cc002fef6e48fc,null,booking_release,8,release_697116160006e7081b24,Payment for booking #697116160006e7081b24 (after 15% commission),completed,2026-01-21T18:12:18.805+00:00,null,697116160006e7081b24
commission_697116160006e7081b24,,2026-01-21T18:12:18.933+00:00,2026-01-21T18:12:18.933+00:00,platform,null,commission,2,commission_697116160006e7081b24,Platform commission (15%) for booking #697116160006e7081b24,completed,2026-01-21T18:12:18.895+00:00,null,697116160006e7081b24
hold_6971203300019a55a1b9,,2026-01-21T18:51:31.336+00:00,2026-01-21T18:51:31.336+00:00,68e77c6a001db71648a3,null,booking_hold,10,hold_6971203300019a55a1b9,Payment held for booking #6971203300019a55a1b9,completed,2026-01-21T18:51:31.229+00:00,null,6971203300019a55a1b9
topup_1769857872893_vm4ueq,,2026-01-31T11:13:35.246+00:00,2026-01-31T11:13:35.246+00:00,697dd8bf0002d52e742d,null,topup,5000,topup_1769857872893_vm4ueq,Wallet top-up via bank_transfer,completed,2026-01-31T11:13:35.100+00:00,null,null
hold_697de4eb00159d4b81ca,"[""read(\""user:697dd8bf0002d52e742d\"")"",""update(\""user:697dd8bf0002d52e742d\"")"",""delete(\""user:697dd8bf0002d52e742d\"")""]",2026-01-31T11:18:05.780+00:00,2026-01-31T11:18:05.780+00:00,697dd8bf0002d52e742d,null,booking_hold,4200,hold_697de4eb00159d4b81ca,Payment held for booking #697de4eb00159d4b81ca,completed,2026-01-31T11:18:03.817+00:00,null,697de4eb00159d4b81ca
topup_1769882969483_x3cfbi,,2026-01-31T18:11:04.453+00:00,2026-01-31T18:11:04.453+00:00,68ebb60a002139d49bc4,null,topup,500,topup_1769882969483_x3cfbi,Wallet top-up via card,completed,2026-01-31T18:11:04.361+00:00,null,null
refund_6958e5d1002c5b7aa2e8,,2026-01-31T18:14:07.419+00:00,2026-01-31T18:14:07.419+00:00,68ebb60a002139d49bc4,null,booking_refund,50,refund_6958e5d1002c5b7aa2e8,Refund for cancelled booking #6958e5d1002c5b7aa2e8,completed,2026-01-31T18:14:07.327+00:00,null,6958e5d1002c5b7aa2e8
hold_697e4687001211638cdf,,2026-01-31T18:14:31.545+00:00,2026-01-31T18:14:31.545+00:00,68ebb60a002139d49bc4,null,booking_hold,500,hold_697e4687001211638cdf,Payment held for booking #697e4687001211638cdf,completed,2026-01-31T18:14:31.445+00:00,null,697e4687001211638cdf
refund_697e4687001211638cdf,,2026-01-31T21:02:53.524+00:00,2026-01-31T21:02:53.524+00:00,68ebb60a002139d49bc4,null,booking_refund,500,refund_697e4687001211638cdf,Refund for cancelled booking #697e4687001211638cdf,completed,2026-01-31T21:02:53.430+00:00,null,697e4687001211638cdf
hold_697e6e3e002be1838e9e,,2026-01-31T21:03:59.001+00:00,2026-01-31T21:03:59.001+00:00,68e77c6a001db71648a3,null,booking_hold,10,hold_697e6e3e002be1838e9e,Payment held for booking #697e6e3e002be1838e9e,completed,2026-01-31T21:03:58.909+00:00,null,697e6e3e002be1838e9e
release_697e6e3e002be1838e9e,,2026-01-31T21:05:29.373+00:00,2026-01-31T21:05:29.373+00:00,6958e3cc002fef6e48fc,null,booking_release,8,release_697e6e3e002be1838e9e,Payment for booking #697e6e3e002be1838e9e (after 15% commission),completed,2026-01-31T21:05:29.305+00:00,null,697e6e3e002be1838e9e
commission_697e6e3e002be1838e9e,,2026-01-31T21:05:29.511+00:00,2026-01-31T21:05:29.511+00:00,platform,null,commission,2,commission_697e6e3e002be1838e9e,Platform commission (15%) for booking #697e6e3e002be1838e9e,completed,2026-01-31T21:05:29.441+00:00,null,697e6e3e002be1838e9e
release_697108b10012c98dbb3a,,2026-01-31T21:08:29.317+00:00,2026-01-31T21:08:29.317+00:00,691da5af0007029c24fb,null,booking_release,17,release_697108b10012c98dbb3a,Payment for booking #697108b10012c98dbb3a (after 15% commission),completed,2026-01-31T21:08:29.250+00:00,null,697108b10012c98dbb3a
commission_697108b10012c98dbb3a,,2026-01-31T21:08:29.456+00:00,2026-01-31T21:08:29.456+00:00,platform,null,commission,3,commission_697108b10012c98dbb3a,Platform commission (15%) for booking #697108b10012c98dbb3a,completed,2026-01-31T21:08:29.380+00:00,null,697108b10012c98dbb3a
hold_697e6fc9001dcc873abc,,2026-01-31T21:10:33.732+00:00,2026-01-31T21:10:33.732+00:00,68ebb60a002139d49bc4,null,booking_hold,500,hold_697e6fc9001dcc873abc,Payment held for booking #697e6fc9001dcc873abc,completed,2026-01-31T21:10:33.648+00:00,null,697e6fc9001dcc873abc
refund_697e6fc9001dcc873abc,,2026-01-31T21:11:54.425+00:00,2026-01-31T21:11:54.425+00:00,68ebb60a002139d49bc4,null,booking_refund,500,refund_697e6fc9001dcc873abc,Refund for cancelled booking #697e6fc9001dcc873abc,completed,2026-01-31T21:11:54.336+00:00,null,697e6fc9001dcc873abc
hold_697e703000315ff14c4a,,2026-01-31T21:12:17.068+00:00,2026-01-31T21:12:17.068+00:00,68e77c6a001db71648a3,null,booking_hold,5,hold_697e703000315ff14c4a,Payment held for booking #697e703000315ff14c4a,completed,2026-01-31T21:12:16.958+00:00,null,697e703000315ff14c4a
release_697e703000315ff14c4a,,2026-01-31T21:12:54.803+00:00,2026-01-31T21:12:54.803+00:00,691da5af0007029c24fb,null,booking_release,4,release_697e703000315ff14c4a,Payment for booking #697e703000315ff14c4a (after 15% commission),completed,2026-01-31T21:12:54.729+00:00,null,697e703000315ff14c4a
commission_697e703000315ff14c4a,,2026-01-31T21:12:54.940+00:00,2026-01-31T21:12:54.940+00:00,platform,null,commission,1,commission_697e703000315ff14c4a,Platform commission (15%) for booking #697e703000315ff14c4a,completed,2026-01-31T21:12:54.871+00:00,null,697e703000315ff14c4a
hold_697e71d30033843ac582,,2026-01-31T21:19:16.059+00:00,2026-01-31T21:19:16.059+00:00,68ebb60a002139d49bc4,null,booking_hold,10,hold_697e71d30033843ac582,Payment held for booking #697e71d30033843ac582,completed,2026-01-31T21:19:15.970+00:00,null,697e71d30033843ac582
release_697e71d30033843ac582,,2026-01-31T21:19:43.879+00:00,2026-01-31T21:19:43.879+00:00,691da5af0007029c24fb,null,booking_release,8,release_697e71d30033843ac582,Payment for booking #697e71d30033843ac582 (after 15% commission),completed,2026-01-31T21:19:43.808+00:00,null,697e71d30033843ac582
commission_697e71d30033843ac582,,2026-01-31T21:19:44.013+00:00,2026-01-31T21:19:44.013+00:00,platform,null,commission,2,commission_697e71d30033843ac582,Platform commission (15%) for booking #697e71d30033843ac582,completed,2026-01-31T21:19:43.943+00:00,null,697e71d30033843ac582
topup_1769967793602_z0tdzu,,2026-02-01T18:01:02.407+00:00,2026-02-01T18:01:02.407+00:00,697e7cad00009712d2e7,null,topup,2000,topup_1769967793602_z0tdzu,Wallet top-up via bank,completed,2026-02-01T18:01:02.277+00:00,null,null
topup_1770061784469_65vo9z,,2026-02-02T19:50:36.564+00:00,2026-02-02T19:50:36.564+00:00,697e4ac7000da86ac273,null,topup,5000,topup_1770061784469_65vo9z,Wallet top-up via bank,completed,2026-02-02T19:50:36.373+00:00,null,null
topup_1770238320746_711r13,,2026-02-04T20:53:38.628+00:00,2026-02-04T20:53:38.628+00:00,697f9af40029f769d81d,null,topup,15000,topup_1770238320746_711r13,Wallet top-up via bank,completed,2026-02-04T20:53:38.514+00:00,null,null
topup_1770287878617_muauz5,,2026-02-05T10:38:52.371+00:00,2026-02-05T10:38:52.371+00:00,698395a6003595ac5a15,null,topup,15000,topup_1770287878617_muauz5,Wallet top-up via bank_transfer,completed,2026-02-05T10:38:52.216+00:00,null,null
hold_69848241003a52849975,,2026-02-05T11:42:58.181+00:00,2026-02-05T11:42:58.181+00:00,698395a6003595ac5a15,null,booking_hold,15000,hold_69848241003a52849975,Payment held for booking #69848241003a52849975,completed,2026-02-05T11:42:58.092+00:00,null,69848241003a52849975
hold_6984a51b0012daa11b21,,2026-02-05T14:11:39.612+00:00,2026-02-05T14:11:39.612+00:00,697f9af40029f769d81d,null,booking_hold,15000,hold_6984a51b0012daa11b21,Payment held for booking #6984a51b0012daa11b21,completed,2026-02-05T14:11:39.499+00:00,null,6984a51b0012daa11b21
release_69848241003a52849975,,2026-02-05T19:55:20.903+00:00,2026-02-05T19:55:20.903+00:00,6970861f002742e21fb5,null,booking_release,12750,release_69848241003a52849975,Payment for booking #69848241003a52849975 (after 15% commission),completed,2026-02-05T19:55:20.823+00:00,null,69848241003a52849975
commission_69848241003a52849975,,2026-02-05T19:55:21.047+00:00,2026-02-05T19:55:21.047+00:00,platform,null,commission,2250,commission_69848241003a52849975,Platform commission (15%) for booking #69848241003a52849975,completed,2026-02-05T19:55:20.972+00:00,null,69848241003a52849975
hold_69861001000919d0fed8,,2026-02-06T16:00:01.452+00:00,2026-02-06T16:00:01.452+00:00,697e4ac7000da86ac273,null,booking_hold,5000,hold_69861001000919d0fed8,Payment held for booking #69861001000919d0fed8,completed,2026-02-06T16:00:01.335+00:00,null,69861001000919d0fed8
refund_6984a51b0012daa11b21,,2026-02-06T19:18:21.568+00:00,2026-02-06T19:18:21.568+00:00,697f9af40029f769d81d,null,booking_refund,15000,refund_6984a51b0012daa11b21,Refund for cancelled booking #6984a51b0012daa11b21,completed,2026-02-06T19:18:21.480+00:00,null,6984a51b0012daa11b21
hold_6986c14d000e52ba5adb,,2026-02-07T04:36:29.466+00:00,2026-02-07T04:36:29.466+00:00,697f9af40029f769d81d,null,booking_hold,3750,hold_6986c14d000e52ba5adb,Payment held for booking #6986c14d000e52ba5adb,completed,2026-02-07T04:36:29.382+00:00,null,6986c14d000e52ba5adb
refund_6986c14d000e52ba5adb,,2026-02-07T07:47:49.245+00:00,2026-02-07T07:47:49.245+00:00,697f9af40029f769d81d,null,booking_refund,3750,refund_6986c14d000e52ba5adb,Refund for cancelled booking #6986c14d000e52ba5adb,completed,2026-02-07T07:47:49.160+00:00,null,6986c14d000e52ba5adb
hold_6986ee4b00165216637c,,2026-02-07T07:48:27.604+00:00,2026-02-07T07:48:27.604+00:00,697f9af40029f769d81d,null,booking_hold,15000,hold_6986ee4b00165216637c,Payment held for booking #6986ee4b00165216637c,completed,2026-02-07T07:48:27.519+00:00,null,6986ee4b00165216637c
topup_1770467481636_anzium,,2026-02-07T12:34:59.897+00:00,2026-02-07T12:34:59.897+00:00,697e4ac7000da86ac273,null,topup,6000,topup_1770467481636_anzium,Wallet top-up via bank,completed,2026-02-07T12:34:59.752+00:00,null,null
refund_69861001000919d0fed8,,2026-02-07T14:48:05.609+00:00,2026-02-07T14:48:05.609+00:00,697e4ac7000da86ac273,null,booking_refund,5000,refund_69861001000919d0fed8,Refund for cancelled booking #69861001000919d0fed8,completed,2026-02-07T14:48:05.510+00:00,null,69861001000919d0fed8
hold_698751cb0005162c2049,,2026-02-07T14:52:59.312+00:00,2026-02-07T14:52:59.312+00:00,697e4ac7000da86ac273,null,booking_hold,5000,hold_698751cb0005162c2049,Payment held for booking #698751cb0005162c2049,completed,2026-02-07T14:52:59.226+00:00,null,698751cb0005162c2049
release_698751cb0005162c2049,,2026-02-07T14:57:09.199+00:00,2026-02-07T14:57:09.199+00:00,698605f500110c23f9f2,null,booking_release,4250,release_698751cb0005162c2049,Payment for booking #698751cb0005162c2049 (after 15% commission),completed,2026-02-07T14:57:09.130+00:00,null,698751cb0005162c2049
commission_698751cb0005162c2049,,2026-02-07T14:57:09.331+00:00,2026-02-07T14:57:09.331+00:00,platform,null,commission,750,commission_698751cb0005162c2049,Platform commission (15%) for booking #698751cb0005162c2049,completed,2026-02-07T14:57:09.262+00:00,null,698751cb0005162c2049
hold_698c423d0024aab81272,,2026-02-11T08:47:57.832+00:00,2026-02-11T08:47:57.832+00:00,697e4ac7000da86ac273,null,booking_hold,6000,hold_698c423d0024aab81272,Payment held for booking #698c423d0024aab81272,completed,2026-02-11T08:47:57.752+00:00,null,698c423d0024aab81272
refund_698c423d0024aab81272,,2026-02-13T13:08:06.513+00:00,2026-02-13T13:08:06.513+00:00,697e4ac7000da86ac273,null,booking_refund,6000,refund_698c423d0024aab81272,Refund for cancelled booking #698c423d0024aab81272,completed,2026-02-13T13:08:06.412+00:00,null,698c423d0024aab81272
hold_698f23fd003da88c5468,,2026-02-13T13:15:42.240+00:00,2026-02-13T13:15:42.240+00:00,697e4ac7000da86ac273,null,booking_hold,6000,hold_698f23fd003da88c5468,Payment held for booking #698f23fd003da88c5468,completed,2026-02-13T13:15:42.148+00:00,null,698f23fd003da88c5468
release_698f23fd003da88c5468,,2026-02-13T13:21:31.084+00:00,2026-02-13T13:21:31.084+00:00,698605f500110c23f9f2,null,booking_release,5100,release_698f23fd003da88c5468,Payment for booking #698f23fd003da88c5468 (after 15% commission),completed,2026-02-13T13:21:31.006+00:00,null,698f23fd003da88c5468
commission_698f23fd003da88c5468,,2026-02-13T13:21:31.285+00:00,2026-02-13T13:21:31.285+00:00,platform,null,commission,900,commission_698f23fd003da88c5468,Platform commission (15%) for booking #698f23fd003da88c5468,completed,2026-02-13T13:21:31.208+00:00,null,698f23fd003da88c5468
topup_1771446736741_suppa6,,2026-02-18T20:33:03.967+00:00,2026-02-18T20:33:03.967+00:00,697e4ac7000da86ac273,null,topup,6000,topup_1771446736741_suppa6,Wallet top-up via bank,completed,2026-02-18T20:33:03.823+00:00,null,null
hold_6996b4e7001217e69fbd,,2026-02-19T06:59:51.530+00:00,2026-02-19T06:59:51.530+00:00,697e4ac7000da86ac273,null,booking_hold,6000,hold_6996b4e7001217e69fbd,Payment held for booking #6996b4e7001217e69fbd,completed,2026-02-19T06:59:51.448+00:00,null,6996b4e7001217e69fbd
topup_1771660170156_qtd6ke,,2026-02-21T07:53:05.772+00:00,2026-02-21T07:53:05.772+00:00,69944df30004fcb5a923,null,topup,10000,topup_1771660170156_qtd6ke,Wallet top-up via bank_transfer,completed,2026-02-21T07:53:05.625+00:00,null,null
hold_6999839b00315b6d97dd,,2026-02-21T10:06:20.029+00:00,2026-02-21T10:06:20.029+00:00,69944df30004fcb5a923,null,booking_hold,10000,hold_6999839b00315b6d97dd,Payment held for booking #6999839b00315b6d97dd,completed,2026-02-21T10:06:19.946+00:00,null,6999839b00315b6d97dd
refund_6996b4e7001217e69fbd,,2026-02-21T12:22:27.982+00:00,2026-02-21T12:22:27.982+00:00,697e4ac7000da86ac273,null,booking_refund,6000,refund_6996b4e7001217e69fbd,Refund for cancelled booking #6996b4e7001217e69fbd,completed,2026-02-21T12:22:27.881+00:00,null,6996b4e7001217e69fbd
hold_6999a4cb001fae7eee71,,2026-02-21T12:27:55.741+00:00,2026-02-21T12:27:55.741+00:00,697e4ac7000da86ac273,null,booking_hold,6000,hold_6999a4cb001fae7eee71,Payment held for booking #6999a4cb001fae7eee71,completed,2026-02-21T12:27:55.657+00:00,null,6999a4cb001fae7eee71
release_6999a4cb001fae7eee71,,2026-02-21T12:35:02.372+00:00,2026-02-21T12:35:02.372+00:00,698605f500110c23f9f2,null,booking_release,5100,release_6999a4cb001fae7eee71,Payment for booking #6999a4cb001fae7eee71 (after 15% commission),completed,2026-02-21T12:35:02.300+00:00,null,6999a4cb001fae7eee71
commission_6999a4cb001fae7eee71,,2026-02-21T12:35:02.541+00:00,2026-02-21T12:35:02.541+00:00,platform,null,commission,900,commission_6999a4cb001fae7eee71,Platform commission (15%) for booking #6999a4cb001fae7eee71,completed,2026-02-21T12:35:02.470+00:00,null,6999a4cb001fae7eee71
release_6999839b00315b6d97dd,,2026-02-23T17:34:00.045+00:00,2026-02-23T17:34:00.045+00:00,69849662000685cb29d7,null,booking_release,8500,release_6999839b00315b6d97dd,Payment for booking #6999839b00315b6d97dd (after 15% commission),completed,2026-02-23T17:33:59.966+00:00,null,6999839b00315b6d97dd
commission_6999839b00315b6d97dd,,2026-02-23T17:34:00.216+00:00,2026-02-23T17:34:00.216+00:00,platform,null,commission,1500,commission_6999839b00315b6d97dd,Platform commission (15%) for booking #6999839b00315b6d97dd,completed,2026-02-23T17:34:00.140+00:00,null,6999839b00315b6d97dd
topup_1772526727109_pomtz8,,2026-03-03T08:34:22.293+00:00,2026-03-03T08:34:22.293+00:00,69a2a7c3002ed65be1ea,null,topup,5000,topup_1772526727109_pomtz8,Wallet top-up via bank_transfer,completed,2026-03-03T08:34:22.102+00:00,null,null
topup_1772774541140_y5uaba,,2026-03-06T05:22:55.505+00:00,2026-03-06T05:22:55.505+00:00,697e4ac7000da86ac273,null,topup,6000,topup_1772774541140_y5uaba,Wallet top-up via bank,completed,2026-03-06T05:22:55.385+00:00,null,null
hold_69aaa9ea0004a5ad6909,,2026-03-06T10:18:18.363+00:00,2026-03-06T10:18:18.363+00:00,697e4ac7000da86ac273,null,booking_hold,6000,hold_69aaa9ea0004a5ad6909,Payment held for booking #69aaa9ea0004a5ad6909,completed,2026-03-06T10:18:18.252+00:00,null,69aaa9ea0004a5ad6909
release_69aaa9ea0004a5ad6909,,2026-03-07T12:11:38.660+00:00,2026-03-07T12:11:38.660+00:00,698605f500110c23f9f2,null,booking_release,5100,release_69aaa9ea0004a5ad6909,Payment for booking #69aaa9ea0004a5ad6909 (after 15% commission),completed,2026-03-07T12:11:38.587+00:00,null,69aaa9ea0004a5ad6909
commission_69aaa9ea0004a5ad6909,,2026-03-07T12:11:38.850+00:00,2026-03-07T12:11:38.850+00:00,platform,null,commission,900,commission_69aaa9ea0004a5ad6909,Platform commission (15%) for booking #69aaa9ea0004a5ad6909,completed,2026-03-07T12:11:38.773+00:00,null,69aaa9ea0004a5ad6909
topup_1773166732039_dr0jrd,,2026-03-10T18:21:47.083+00:00,2026-03-10T18:21:47.083+00:00,69a2a7c3002ed65be1ea,null,topup,5000,topup_1773166732039_dr0jrd,Wallet top-up via bank_transfer,completed,2026-03-10T18:21:46.950+00:00,null,null
hold_69b10284002c61f87dd4,,2026-03-11T05:49:56.983+00:00,2026-03-11T05:49:56.983+00:00,69a2a7c3002ed65be1ea,null,booking_hold,10000,hold_69b10284002c61f87dd4,Payment held for booking #69b10284002c61f87dd4,completed,2026-03-11T05:49:56.886+00:00,null,69b10284002c61f87dd4
refund_69b10284002c61f87dd4,,2026-03-11T12:10:39.972+00:00,2026-03-11T12:10:39.972+00:00,69a2a7c3002ed65be1ea,null,booking_refund,10000,refund_69b10284002c61f87dd4,Refund for cancelled booking #69b10284002c61f87dd4,completed,2026-03-11T12:10:39.869+00:00,null,69b10284002c61f87dd4
hold_69b15c94002c04023e42,,2026-03-11T12:14:12.985+00:00,2026-03-11T12:14:12.985+00:00,69a2a7c3002ed65be1ea,null,booking_hold,10000,hold_69b15c94002c04023e42,Payment held for booking #69b15c94002c04023e42,completed,2026-03-11T12:14:12.880+00:00,null,69b15c94002c04023e42
release_69b15c94002c04023e42,,2026-03-11T12:25:13.147+00:00,2026-03-11T12:25:13.147+00:00,6970a99700228a1fed87,null,booking_release,8500,release_69b15c94002c04023e42,Payment for booking #69b15c94002c04023e42 (after 15% commission),completed,2026-03-11T12:25:13.079+00:00,null,69b15c94002c04023e42
commission_69b15c94002c04023e42,,2026-03-11T12:25:13.320+00:00,2026-03-11T12:25:13.320+00:00,platform,null,commission,1500,commission_69b15c94002c04023e42,Platform commission (15%) for booking #69b15c94002c04023e42,completed,2026-03-11T12:25:13.222+00:00,null,69b15c94002c04023e42
topup_1773317396364_9nfvme,,2026-03-12T12:10:43.267+00:00,2026-03-12T12:10:43.267+00:00,697e4ac7000da86ac273,null,topup,1000,topup_1773317396364_9nfvme,Wallet top-up via bank,completed,2026-03-12T12:10:43.126+00:00,null,null
topup_1773339131857_ni3au4,,2026-03-12T18:13:41.158+00:00,2026-03-12T18:13:41.158+00:00,697e4ac7000da86ac273,null,topup,5000,topup_1773339131857_ni3au4,Wallet top-up via card,completed,2026-03-12T18:13:41.033+00:00,null,null
hold_69b6cbc8001442b4d018,,2026-03-15T15:10:00.583+00:00,2026-03-15T15:10:00.583+00:00,697e4ac7000da86ac273,null,booking_hold,6000,hold_69b6cbc8001442b4d018,Payment held for booking #69b6cbc8001442b4d018,completed,2026-03-15T15:10:00.495+00:00,null,69b6cbc8001442b4d018
release_69b6cbc8001442b4d018,,2026-03-15T15:13:48.785+00:00,2026-03-15T15:13:48.785+00:00,69aaeaa6002c94f829dc,null,booking_release,5100,release_69b6cbc8001442b4d018,Payment for booking #69b6cbc8001442b4d018 (after 15% commission),completed,2026-03-15T15:13:48.711+00:00,null,69b6cbc8001442b4d018
commission_69b6cbc8001442b4d018,,2026-03-15T15:13:48.918+00:00,2026-03-15T15:13:48.918+00:00,platform,null,commission,900,commission_69b6cbc8001442b4d018,Platform commission (15%) for booking #69b6cbc8001442b4d018,completed,2026-03-15T15:13:48.857+00:00,null,69b6cbc8001442b4d018
topup_1774444551185_gev8v4,,2026-03-25T13:19:25.268+00:00,2026-03-25T13:19:25.268+00:00,69c0612b0020bc4fda05,null,topup,18000,topup_1774444551185_gev8v4,Wallet top-up via bank_transfer,completed,2026-03-25T13:19:25.141+00:00,null,null
topup_1775228258388_b6l0t4,,2026-04-03T15:06:58.928+00:00,2026-04-03T15:06:58.928+00:00,697e0a43000d6617a52f,null,topup,28800,topup_1775228258388_b6l0t4,Wallet top-up via bank_transfer,completed,2026-04-03T15:06:58.803+00:00,null,null
hold_69cfdf1d003e0e5c77cb,,2026-04-03T15:39:10.291+00:00,2026-04-03T15:39:10.291+00:00,697e0a43000d6617a52f,null,booking_hold,28800,hold_69cfdf1d003e0e5c77cb,Payment held for booking #69cfdf1d003e0e5c77cb,completed,2026-04-03T15:39:10.189+00:00,null,69cfdf1d003e0e5c77cb
refund_69cfdf1d003e0e5c77cb,,2026-04-05T12:03:34.649+00:00,2026-04-05T12:03:34.649+00:00,697e0a43000d6617a52f,null,booking_refund,28800,refund_69cfdf1d003e0e5c77cb,Refund for cancelled booking #69cfdf1d003e0e5c77cb,completed,2026-04-05T12:03:34.556+00:00,null,69cfdf1d003e0e5c77cb
hold_69d25116001e08cff119,,2026-04-05T12:09:58.737+00:00,2026-04-05T12:09:58.737+00:00,697e0a43000d6617a52f,null,booking_hold,28800,hold_69d25116001e08cff119,Payment held for booking #69d25116001e08cff119,completed,2026-04-05T12:09:58.649+00:00,null,69d25116001e08cff119
release_69d25116001e08cff119,,2026-04-05T12:11:53.006+00:00,2026-04-05T12:11:53.006+00:00,6988ac66003d35c36e1c,null,booking_release,23040,release_69d25116001e08cff119,Payment for booking #69d25116001e08cff119 (after 20% commission),completed,2026-04-05T12:11:52.938+00:00,null,69d25116001e08cff119
commission_69d25116001e08cff119,,2026-04-05T12:11:53.174+00:00,2026-04-05T12:11:53.174+00:00,platform,null,commission,5760,commission_69d25116001e08cff119,Platform commission (20%) for booking #69d25116001e08cff119,completed,2026-04-05T12:11:53.098+00:00,null,69d25116001e08cff119
topup_1775554172049_344jqi,,2026-04-07T09:30:55.020+00:00,2026-04-07T09:30:55.020+00:00,696a671500050b1448fa,null,topup,5000,topup_1775554172049_344jqi,Wallet top-up via bank_transfer,completed,2026-04-07T09:30:54.832+00:00,null,null
refund_696b742c0016d38b0f99,,2026-04-07T12:52:58.314+00:00,2026-04-07T12:52:58.314+00:00,696a671500050b1448fa,null,booking_refund,5000,refund_696b742c0016d38b0f99,Refund for cancelled booking #696b742c0016d38b0f99,completed,2026-04-07T12:52:58.205+00:00,null,696b742c0016d38b0f99
hold_69e25dd7003343d59d37,,2026-04-17T16:20:40.109+00:00,2026-04-17T16:20:40.109+00:00,698ce3a8000f15ad873e,null,booking_hold,1000,hold_69e25dd7003343d59d37,Payment held for booking #69e25dd7003343d59d37,completed,2026-04-17T16:20:40.002+00:00,null,69e25dd7003343d59d37
release_69e25dd7003343d59d37,,2026-04-17T16:28:30.442+00:00,2026-04-17T16:28:30.442+00:00,69e259b5002c78e11db6,null,booking_release,800,release_69e25dd7003343d59d37,Payment for booking #69e25dd7003343d59d37 (after 20% commission),completed,2026-04-17T16:28:30.364+00:00,null,69e25dd7003343d59d37
commission_69e25dd7003343d59d37,,2026-04-17T16:28:30.633+00:00,2026-04-17T16:28:30.633+00:00,platform,null,commission,200,commission_69e25dd7003343d59d37,Platform commission (20%) for booking #69e25dd7003343d59d37,completed,2026-04-17T16:28:30.513+00:00,null,69e25dd7003343d59d37
hold_69e607f4003c48c3089d,"[""read(\""user:698ce3a8000f15ad873e\"")"",""update(\""user:698ce3a8000f15ad873e\"")"",""delete(\""user:698ce3a8000f15ad873e\"")""]",2026-04-20T11:03:20.619+00:00,2026-04-20T11:03:20.619+00:00,698ce3a8000f15ad873e,null,booking_hold,5000,hold_69e607f4003c48c3089d,Payment held for booking #69e607f4003c48c3089d,completed,2026-04-20T11:03:19.896+00:00,null,69e607f4003c48c3089d
payment_69e607f4003c48c3089d,"[""read(\""user:698ce3a8000f15ad873e\"")"",""update(\""user:698ce3a8000f15ad873e\"")"",""delete(\""user:698ce3a8000f15ad873e\"")""]",2026-04-21T14:00:38.030+00:00,2026-04-21T14:00:38.030+00:00,69e259b5002c78e11db6,null,booking_payment,4250,payment_69e607f4003c48c3089d,Payment for booking #69e607f4003c48c3089d,completed,2026-04-21T14:00:36.356+00:00,null,69e607f4003c48c3089d
hold_69e7cb9d00075e613bc2,"[""read(\""user:698ce3a8000f15ad873e\"")"",""update(\""user:698ce3a8000f15ad873e\"")"",""delete(\""user:698ce3a8000f15ad873e\"")""]",2026-04-21T19:10:22.672+00:00,2026-04-21T19:10:22.672+00:00,698ce3a8000f15ad873e,null,booking_hold,100,hold_69e7cb9d00075e613bc2,Payment held for booking #69e7cb9d00075e613bc2,completed,2026-04-21T19:10:21.500+00:00,null,69e7cb9d00075e613bc2
topup_1776941123815_u0kxuj,,2026-04-23T10:46:14.822+00:00,2026-04-23T10:46:14.822+00:00,697cece6000ad2730b36,null,topup,10000,topup_1776941123815_u0kxuj,Wallet top-up via bank_transfer,completed,2026-04-23T10:46:14.671+00:00,null,null
topup_1777657202976_r9954w,,2026-05-01T17:41:43.485+00:00,2026-05-01T17:41:43.485+00:00,69a2a7c3002ed65be1ea,null,topup,5000,topup_1777657202976_r9954w,Wallet top-up via bank_transfer,completed,2026-05-01T17:41:43.365+00:00,null,null
topup_1777704097331_w7oney,,2026-05-02T06:42:58.456+00:00,2026-05-02T06:42:58.456+00:00,69a2a7c3002ed65be1ea,null,topup,5000,topup_1777704097331_w7oney,Wallet top-up via bank_transfer,completed,2026-05-02T06:42:58.347+00:00,null,null
hold_69f5a50f002e8568c0b1,,2026-05-02T07:17:35.997+00:00,2026-05-02T07:17:35.997+00:00,69a2a7c3002ed65be1ea,null,booking_hold,10000,hold_69f5a50f002e8568c0b1,Payment held for booking #69f5a50f002e8568c0b1,completed,2026-05-02T07:17:35.913+00:00,null,69f5a50f002e8568c0b1
refund_69f5a50f002e8568c0b1,,2026-05-02T07:18:44.901+00:00,2026-05-02T07:18:44.901+00:00,69a2a7c3002ed65be1ea,null,booking_refund,10000,refund_69f5a50f002e8568c0b1,Refund for cancelled booking #69f5a50f002e8568c0b1,completed,2026-05-02T07:18:44.811+00:00,null,69f5a50f002e8568c0b1
hold_69f5b2c90038bb6b59d3,,2026-05-02T08:16:10.149+00:00,2026-05-02T08:16:10.149+00:00,69a2a7c3002ed65be1ea,null,booking_hold,10000,hold_69f5b2c90038bb6b59d3,Payment held for booking #69f5b2c90038bb6b59d3,completed,2026-05-02T08:16:10.068+00:00,null,69f5b2c90038bb6b59d3
refund_69f5b2c90038bb6b59d3,,2026-05-02T17:41:42.849+00:00,2026-05-02T17:41:42.849+00:00,69a2a7c3002ed65be1ea,null,booking_refund,10000,refund_69f5b2c90038bb6b59d3,Refund for cancelled booking #69f5b2c90038bb6b59d3,completed,2026-05-02T17:41:42.717+00:00,null,69f5b2c90038bb6b59d3
hold_69f63858000cfb3ccc60,,2026-05-02T17:46:00.514+00:00,2026-05-02T17:46:00.514+00:00,69a2a7c3002ed65be1ea,null,booking_hold,10000,hold_69f63858000cfb3ccc60,Payment held for booking #69f63858000cfb3ccc60,completed,2026-05-02T17:46:00.386+00:00,null,69f63858000cfb3ccc60
release_69f63858000cfb3ccc60,,2026-05-02T17:48:42.097+00:00,2026-05-02T17:48:42.097+00:00,6988ac66003d35c36e1c,null,booking_release,8000,release_69f63858000cfb3ccc60,Payment for booking #69f63858000cfb3ccc60 (after 20% commission),completed,2026-05-02T17:48:42.018+00:00,null,69f63858000cfb3ccc60
commission_69f63858000cfb3ccc60,,2026-05-02T17:48:42.264+00:00,2026-05-02T17:48:42.264+00:00,platform,null,commission,2000,commission_69f63858000cfb3ccc60,Platform commission (20%) for booking #69f63858000cfb3ccc60,completed,2026-05-02T17:48:42.175+00:00,null,69f63858000cfb3ccc60
topup_1777880484571_45ay8k,,2026-05-04T07:41:52.542+00:00,2026-05-04T07:41:52.542+00:00,697090ba0038ab11f821,null,topup,19000,topup_1777880484571_45ay8k,Wallet top-up via bank,completed,2026-05-04T07:41:52.414+00:00,null,null
hold_69fadec6001a1b5606a6,,2026-05-06T06:25:10.679+00:00,2026-05-06T06:25:10.679+00:00,697090ba0038ab11f821,null,booking_hold,20000,hold_69fadec6001a1b5606a6,Payment held for booking #69fadec6001a1b5606a6,completed,2026-05-06T06:25:10.592+00:00,null,69fadec6001a1b5606a6
refund_69fadec6001a1b5606a6,,2026-05-06T14:11:46.284+00:00,2026-05-06T14:11:46.284+00:00,697090ba0038ab11f821,null,booking_refund,20000,refund_69fadec6001a1b5606a6,Refund for cancelled booking #69fadec6001a1b5606a6,completed,2026-05-06T14:11:46.135+00:00,null,69fadec6001a1b5606a6
hold_69fb4c69002ae003f3d1,,2026-05-06T14:12:57.957+00:00,2026-05-06T14:12:57.957+00:00,697090ba0038ab11f821,null,booking_hold,20000,hold_69fb4c69002ae003f3d1,Payment held for booking #69fb4c69002ae003f3d1,completed,2026-05-06T14:12:57.855+00:00,null,69fb4c69002ae003f3d1
hold_69fb8121002e9cafcee5,"[""read(\""user:698ce3a8000f15ad873e\"")"",""update(\""user:698ce3a8000f15ad873e\"")"",""delete(\""user:698ce3a8000f15ad873e\"")""]",2026-05-06T17:57:54.512+00:00,2026-05-06T17:57:54.512+00:00,698ce3a8000f15ad873e,null,booking_hold,100,hold_69fb8121002e9cafcee5,Payment held for booking #69fb8121002e9cafcee5,completed,2026-05-06T17:57:53.995+00:00,null,69fb8121002e9cafcee5
payment_69fb8121002e9cafcee5,"[""read(\""user:698ce3a8000f15ad873e\"")"",""update(\""user:698ce3a8000f15ad873e\"")"",""delete(\""user:698ce3a8000f15ad873e\"")""]",2026-05-06T18:00:43.529+00:00,2026-05-06T18:00:43.529+00:00,69e259b5002c78e11db6,null,booking_payment,85,payment_69fb8121002e9cafcee5,Payment for booking #69fb8121002e9cafcee5,completed,2026-05-06T18:00:42.998+00:00,null,69fb8121002e9cafcee5
topup_1778853498141_n4caeb,,2026-05-15T14:00:43.293+00:00,2026-05-15T14:00:43.293+00:00,697dd8bf0002d52e742d,null,topup,5000,topup_1778853498141_n4caeb,Wallet top-up via bank_transfer,completed,2026-05-15T14:00:43.148+00:00,null,null
